Filename,Date_collec,Time_collec,Res,Date_run,Batch,Catch,UW,Indiv,Rank,Group,DOB,Age,Temp,Uvol,SPG1,SPG2,meanSPG,DayRain,AveRain,z.Age,z.Uvol,z.SPG,z.Temp,z.DayRain,z.AveRain
20220711_04,2022-05-12,12:50,YVA,20220711,Batch00,IC,NO,FI,Subord,RM,2014-08-25,7.7,32.3,0.2,1.015,1.015,1.0145,0,2.86,-1.219672519,-0.154744111,-0.538767017,1.164331545,-0.364002393,-0.19285139
20220711_06,2022-05-18,15:35,MAG,20220711,Batch00,IC,NO,SB,Subord,LV,2014-12-02,7.5,28.2,0.3,1.021,1.021,1.0213,2.2,3.16,-1.261893609,0.098473525,-0.054980177,-0.100297437,-0.20263382,-0.129576736
20220711_07,2022-05-13,12:00,SRM,20220711,Batch00,IC,YES,LO,Subord,RM,2011-01-01,11.4,34.2,0.2,1.028,1.028,1.0284,0,2.86,-0.438582347,-0.154744111,0.4501502,1.750379122,-0.364002393,-0.19285139
20220711_08,2022-04-01,6:49,GMC,20220711,Batch00,DC,NO,LE,Subord,RM,1994-05-01,27.9,36.3,0.25,1.038,1.038,1.0383,0,0,3.044657609,-0.028135293,1.154486922,2.398115917,-0.364002393,-0.796069764
20220711_09,2022-05-13,11:23,MAG,20220711,Batch00,IC,NO,FG,Subord,RM,2009-02-18,13.2,33.4,0.2,1.065,1.065,1.065,0,2.86,-0.058592534,-0.154744111,3.054061719,1.503622247,-0.364002393,-0.19285139
20220711_10,2022-05-26,10:26,SRM,20220711,Batch00,DC,NO,CZ,Subord,RM,2006-01-01,16.4,28.4,0.2,1.023,1.023,1.0234,0.8,7.63,0.616944912,-0.154744111,0.094424582,-0.038608218,-0.305322912,0.813215617
20220711_11,2022-03-21,12:02,GMC,20220711,Batch00,IC,YES,PW,Subord,LV,2006-01-01,16.2,33.6,0.25,1.007,1.007,1.0073,0,0,0.574723822,-0.028135293,-1.051011906,1.565311466,-0.364002393,-0.796069764
20220712_05,2022-03-04,7:52,SRM,20220712,Batch01,DC,YES,ES,Alpha,BC,2013-03-15,9,27.9,0.25,1.034,1.034,1.0341,0,0,-0.945235431,-0.028135293,0.855677403,-0.192831265,-0.364002393,-0.796069764
20220712_06,2022-02-24,8:45,NAC,20220712,Batch01,IC,YES,EC,Subord,GN,2009-01-01,13.1,27.9,0.25,1.025,1.025,1.0245,0,0,-0.079703079,-0.028135293,0.172684218,-0.192831265,-0.364002393,-0.796069764
20220712_09,2022-01-15,7:56,KMJ,20220712,Batch01,DC,YES,CZ,Subord,RM,2006-01-01,16,26.7,NA,1.032,1.032,1.0317,0,0.03,0.532502732,NA,0.684929107,-0.562966577,-0.364002393,-0.789742298
20220712_11,2022-04-11,7:17,ACP,20220712,Batch01,DC,YES,LO,Subord,RM,2011-01-01,11.3,27.4,0.2,1.023,1.023,1.0229,0,0,-0.459692892,-0.154744111,0.058852021,-0.347054312,-0.364002393,-0.796069764
20220712_12,2022-02-10,6:29,SRM,20220712,Batch01,DC,YES,BY,Alpha,LV,2003-01-01,19.1,25.3,0.25,1.006,1.006,1.006,0,0.03,1.186929632,-0.028135293,-1.143500566,-0.994791107,-0.364002393,-0.789742298
20220712_13,2022-03-21,7:55,ACP,20220712,Batch01,DC,NO,HG,Subord,LV,2007-04-12,14.9,28.9,0.4,1.027,1.027,1.0265,0,0,0.300286735,0.351691161,0.314974465,0.115614828,-0.364002393,-0.796069764
20220712_15,2022-04-29,10:29,GMC,20220712,Batch01,IC,NO,KO,Alpha,RM,2009-01-01,13.3,33.6,0.1,1.01,1.01,1.0102,0,0.62,-0.037481988,-0.407961746,-0.844691048,1.565311466,-0.364002393,-0.665302144
20220712_18,2022-04-29,8:07,GMC,20220712,Batch01,DC,NO,FG,Subord,RM,2009-02-18,13.2,30.1,0.4,1.045,1.045,1.0448,0,0.62,-0.058592534,0.351691161,1.616930225,0.48575014,-0.364002393,-0.665302144
20220712_21,2022-03-14,11:15,GMC,20220712,Batch01,DC,YES,FI,Subord,RM,2014-08-25,7.6,33,0.25,1.033,1.033,1.0326,0,0,-1.240783064,-0.028135293,0.748959718,1.38024381,-0.364002393,-0.796069764
20220712_23,2022-05-04,11:10,YVA,20220712,Batch01,IC,NO,BY,Alpha,LV,2003-01-01,19.3,28.6,0.4,1.017,1.017,1.017,48.3,0.67,1.229150723,0.351691161,-0.360904208,0.023081,3.178771273,-0.654756369
20220712_24,2022-02-03,9:38,SRM,20220712,Batch01,DC,NO,LE,Subord,RM,1994-05-01,27.8,28.5,0.25,1.022,1.022,1.0216,0,0.03,3.023547063,-0.028135293,-0.03363664,-0.007763609,-0.364002393,-0.789742298
20220712_26,2022-01-28,6:50,SRM,20220712,Batch01,DC,NO,PW,Subord,LV,2006-01-01,16.1,25.6,0.25,1.02,1.02,1.0199,0,0.03,0.553613277,-0.028135293,-0.15458335,-0.902257279,-0.364002393,-0.789742298
20220712_29,2022-05-17,8:29,SRM,20220712,Batch01,DC,NO,BY,Alpha,LV,2003-01-01,19.4,26.1,0.2,1.025,1.025,1.0248,2,3.09,1.250261268,-0.154744111,0.194027755,-0.748034233,-0.21730369,-0.144340822
20220712_30,2022-04-06,12:45,ACP,20220712,Batch01,DC,YES,SB,Subord,LV,2014-12-02,7.3,32.3,0.1,1.029,1.029,1.0285,0,0,-1.304114699,-0.407961746,0.457264712,1.164331545,-0.364002393,-0.796069764
20220712_34,2022-03-15,13:54,GMC,20220712,Batch01,DC,NO,HE,Subord,RM,2014-04-28,7.9,36,0.25,1.015,1.015,1.0147,0,0,-1.177451428,-0.028135293,-0.524537992,2.30558209,-0.364002393,-0.796069764
20220712_35,2022-04-22,7:30,SRM,20220712,Batch01,DC,NO,TD,Subord,GN,2012-10-23,9.5,27.9,0.2,1.013,1.013,1.0126,10.2,0,-0.839682705,-0.154744111,-0.673942751,-0.192831265,0.38416099,-0.796069764
20220718_04,2022-05-16,7:25,SRM,20220718,Batch02,DC,NO,ES,Alpha,BC,2013-03-15,9.2,27.3,0.3,1.029,1.029,1.0291,7,2.86,-0.903014341,0.098473525,0.499951786,-0.377898921,0.149443066,-0.19285139
20220718_05,2022-01-19,7:10,MAG,20220718,Batch02,DC,NO,FG,Subord,RM,2009-02-18,12.9,25.2,NA,1.029,1.028,1.0285,0,0.03,-0.121924169,NA,0.457264712,-1.025635717,-0.364002393,-0.789742298
20220718_09,2022-03-23,17:45,JLW,20220718,Batch02,DC,YES,PW,Subord,LV,2006-01-01,16.2,25.9,0.75,1.041,1.041,1.0408,0,0,0.574723822,1.237952885,1.332349731,-0.809723451,-0.364002393,-0.796069764
20220718_12,2022-05-18,11:40,YVA,20220718,Batch02,DC,NO,PW,Subord,LV,2006-01-01,16.4,29.6,0.2,1.031,1.031,1.0308,2.2,3.16,0.616944912,-0.154744111,0.620898496,0.331527093,-0.20263382,-0.129576736
20220718_13,2022-05-04,16:20,JLW,20220718,Batch02,DC,NO,SB,Subord,LV,2014-12-02,7.4,30.6,0.5,1.022,1.022,1.022,48.3,0.67,-1.283004154,0.604908796,-0.005178591,0.639973186,3.178771273,-0.654756369
20220718_17,2022-03-21,15:00,GMC,20220718,Batch02,IC,YES,BY,Alpha,LV,2003-01-01,19.2,34.1,0.25,1.004,1.004,1.004,0,0,1.208040178,-0.028135293,-1.285790813,1.719534513,-0.364002393,-0.796069764
20220718_20,2022-05-13,9:57,SRM,20220718,Batch02,DC,NO,KO,Alpha,RM,2009-01-01,13.4,32.1,0.2,1.01,1.011,1.0105,0,2.86,-0.016371443,-0.154744111,-0.823347511,1.102642326,-0.364002393,-0.19285139
20220718_21,2022-05-02,8:47,MAG,20220718,Batch02,DC,NO,HG,Subord,LV,2007-04-12,15.1,32.1,0.3,1.018,1.018,1.018,1.1,0.62,0.342507825,0.098473525,-0.289759085,1.102642326,-0.283318106,-0.665302144
20220718_26,2022-01-24,10:15,MAG,20220718,Batch02,DC,NO,BY,Alpha,LV,2003-01-01,19.1,28.6,0.25,1.027,1.027,1.0267,0,0.03,1.186929632,-0.028135293,0.32920349,0.023081,-0.364002393,-0.789742298
20220718_31,2022-01-10,11:40,KMJ,20220718,Batch02,DC,YES,KO,Alpha,RM,2009-01-01,13,31.2,0.25,1.025,1.025,1.0245,0,0.04,-0.100813624,-0.028135293,0.172684218,0.825040842,-0.364002393,-0.787633143
20220718_34,2022-02-23,10:30,SRM,20220718,Batch02,DC,YES,BY,Alpha,LV,2003-01-01,19.1,32.9,0.25,1.014,1.014,1.014,0,0,1.186929632,-0.028135293,-0.574339578,1.349399201,-0.364002393,-0.796069764
20220718_35,2022-05-19,10:35,JLW,20220718,Batch02,IC,NO,DD,Alpha,GN,2008-01-01,14.4,30.6,0.2,1.012,1.012,1.0124,80.2,3.23,0.194734009,-0.154744111,-0.688171776,0.639973186,5.518615577,-0.11481265
20220718_40,2022-03-08,7:08,SRM,20220718,Batch02,DC,YES,HG,Subord,LV,2007-04-12,14.9,25.5,0.25,1.034,1.034,1.0339,0,0,0.300286735,-0.028135293,0.841448379,-0.933101889,-0.364002393,-0.796069764
20220718_41,2022-01-15,10:55,MAG,20220718,Batch02,DC,YES,LO,Subord,RM,2011-01-01,11,32.3,4,1.033,1.033,1.0329,0,0.03,-0.523024528,9.467526043,0.770303255,1.164331545,-0.364002393,-0.789742298
20220718_43,2022-05-04,12:25,JLW,20220718,Batch02,DC,NO,PW,Subord,LV,2006-01-01,16.3,34.8,0.8,1.004,1.004,1.0042,48.3,0.67,0.595834367,1.364561703,-1.271561789,1.935446778,3.178771273,-0.654756369
20220718_48,2022-05-19,7:45,JLW,20220718,Batch02,DC,NO,EC,Subord,GN,2009-01-01,13.4,26,0.4,1.028,1.028,1.0283,80.2,3.23,-0.016371443,0.351691161,0.443035687,-0.778878842,5.518615577,-0.11481265
20220718_49,2022-03-07,14:49,MAG,20220718,Batch02,NA,NO,PW,Subord,LV,2006-01-01,16.2,35.7,0.35,1.006,1.005,1.0055,0,0,0.574723822,0.225082343,-1.179073128,2.213048262,-0.364002393,-0.796069764
20220718_50,2022-05-30,13:40,YVA,20220718,Batch02,NA,NA,HG,Subord,LV,2007-04-12,15.1,27.3,0.2,1.009,1.009,1.009,1.6,9.82,0.342507825,-0.154744111,-0.930065196,-0.377898921,-0.246643431,1.275120595
20220718_51,2022-04-28,10:22,SRM,20220718,Batch02,IC,YES,CZ,Subord,RM,2006-01-01,16.3,31.3,NA,1.065,1.065,1.065,0,0.62,0.595834367,NA,3.054061719,0.855885452,-0.364002393,-0.665302144
20220718_53,2022-04-05,8:36,SRM,20220718,Batch02,DC,YES,BY,Alpha,LV,2003-01-01,19.3,26.7,0.2,1.022,1.022,1.0218,0,0,1.229150723,-0.154744111,-0.019407615,-0.562966577,-0.364002393,-0.796069764
20220718_55,2022-04-22,11:00,SRM,20220718,Batch02,DC,NO,DD,Alpha,GN,2008-01-01,14.3,27.6,0.2,1.011,1.011,1.0114,10.2,0,0.173623463,-0.154744111,-0.759316899,-0.285365093,0.38416099,-0.796069764
20220718_58,2022-04-04,9:19,ACP,20220718,Batch02,DC,YES,PW,Subord,LV,2006-01-01,16.3,29.5,0.1,1.03,1.03,1.0297,0,0,0.595834367,-0.407961746,0.54263886,0.300682484,-0.364002393,-0.796069764
20220718_61,2022-05-26,7:03,SRM,20220718,Batch02,DC,NO,LE,Subord,RM,1994-05-01,28.1,24.9,0.2,1.023,1.023,1.0233,0.8,7.63,3.086878699,-0.154744111,0.08731007,-1.118169545,-0.305322912,0.813215617
20230103_06,2022-10-11,8:10,RJM,20230103,Batch03,IC,NO,PW,Subord,LV,2006-01-01,16.8,25.7,0.2,1.002,1.002,1.0019,2.6,10.98,0.701387093,-0.154744111,-1.435195573,-0.87141267,-0.17329408,1.519782593
20230103_07,2022-10-25,7:48,RSB,20230103,Batch03,DC,NO,KO,Alpha,RM,2009-01-01,13.8,27.5,0.2,1.003,1.003,1.0031,1.1,8.2,0.068070738,-0.154744111,-1.349821424,-0.316209702,-0.283318106,0.933437461
20230103_11,2022-08-01,15:20,YVA,20230103,Batch03,DC,NO,DD,Alpha,GN,2008-01-01,14.6,27.1,0.1,1.013,1.013,1.013,0.4,11.03,0.236955099,-0.407961746,-0.645484702,-0.43958814,-0.334662652,1.530328368
20230103_13,2022-05-26,11:14,DSS,20230103,Batch03,NA,NO,HE,Subord,RM,2014-04-28,8.1,32.1,0.2,1.007,1.007,1.0073,0.8,7.63,-1.135230338,-0.154744111,-1.051011906,1.102642326,-0.305322912,0.813215617
20230103_16,2022-11-02,10:40,MAG,20230103,Batch03,IC,NO,TD,Subord,GN,2012-10-23,10,26.6,0.2,1.035,1.035,1.0346,18.2,7.05,-0.734129979,-0.154744111,0.891249965,-0.593811186,0.9709558,0.690884618
20230103_20,2022-06-13,15:40,YVA,20230103,Batch03,IC,NO,SB,Subord,LV,2014-12-02,7.5,25.4,0.2,1.023,1.023,1.0229,1.8,16.64,-1.261893609,-0.154744111,0.058852021,-0.963946498,-0.231973561,2.713564409
20230103_23,2022-05-31,12:20,YVA,20230103,Batch03,IC,NO,PW,Subord,LV,2006-01-01,16.4,28.4,0.1,1.028,1.028,1.0276,43.8,9.87,0.616944912,-0.407961746,0.393234101,-0.038608218,2.848699192,1.285666371
20230103_26,2022-10-28,10:07,WTA,20230103,Batch03,DC,NO,LE,Subord,RM,1994-05-01,28.5,27.9,0.2,1.009,1.009,1.0085,0.2,7.94,3.17132088,-0.154744111,-0.965637758,-0.192831265,-0.349332523,0.878599427
20230103_29,2022-08-08,11:52,SRM,20230103,Batch03,DC,NO,LO,Subord,RM,2011-01-01,11.6,27.3,0.2,1.02,1.02,1.0199,4,5.8,-0.396361257,-0.154744111,-0.15458335,-0.377898921,-0.070604988,0.427240224
20230103_30,2022-06-13,7:46,SRM,20230103,Batch03,IC,NO,BY,Alpha,LV,2003-01-01,19.4,24.1,0.2,1.029,1.029,1.0293,1.8,16.64,1.250261268,-0.154744111,0.514180811,-1.364926419,-0.231973561,2.713564409
20230103_38,2022-07-12,10:04,DSS,20230103,Batch03,IC,YES,PW,Subord,LV,2006-01-01,16.5,26.7,0.2,1.003,1.003,1.0032,11.4,12.68,0.638055458,-0.154744111,-1.342706912,-0.562966577,0.472180211,1.878338968
20230103_40,2022-06-01,7:57,SRM,20230103,Batch03,IC,NO,SB,Subord,LV,2014-12-02,7.5,25.2,0.2,1.021,1.021,1.0211,59,11.33,-1.261893609,-0.154744111,-0.069209202,-1.025635717,3.963609331,1.593603023
20230103_43,2022-10-28,8:47,RJM,20230103,Batch03,IC,NO,HE,Subord,RM,2014-04-28,8.5,27.5,0.2,1.021,1.021,1.0206,0.2,7.94,-1.050788157,-0.154744111,-0.104781763,-0.316209702,-0.349332523,0.878599427
20230103_44,2022-04-20,12:24,MAG,20230103,Batch03,OL,NO,PW,Subord,LV,2006-01-01,16.3,33.8,0.2,1.013,1.013,1.0128,0,0,0.595834367,-0.154744111,-0.659713727,1.627000685,-0.364002393,-0.796069764
20230103_46,2022-08-08,14:22,YVA,20230103,Batch03,DC,NO,KO,Alpha,RM,2009-01-01,13.6,27.3,0.1,1.023,1.023,1.0225,4,5.8,0.025849647,-0.407961746,0.030393971,-0.377898921,-0.070604988,0.427240224
20230103_48,2022-07-12,13:00,YVA,20230103,Batch03,DC,NO,SB,Subord,LV,2014-12-02,7.6,26.2,0.2,1.035,1.035,1.0352,11.4,12.68,-1.240783064,-0.154744111,0.933937039,-0.717189623,0.472180211,1.878338968
20230103_50,2022-07-14,13:00,YVA,20230103,Batch03,DC,NO,ES,Alpha,BC,2013-03-15,9.3,26.5,0.2,1.023,1.023,1.0232,30.5,13.26,-0.881903796,-0.154744111,0.080195558,-0.624655795,1.87315282,2.000669967
20230103_53,2022-08-24,10:45,SRM,20230103,Batch03,IC,NO,CZ,Subord,RM,2006-01-01,16.6,24.2,0.2,1.004,1.004,1.0036,40.8,7.2,0.659166003,-0.154744111,-1.314248863,-1.33408181,2.628651138,0.722521945
20230103_57,2022-11-22,6:14,WTA,20230103,Batch03,DC,NO,DD,Alpha,GN,2008-01-01,14.9,23.5,0.2,1.031,1.031,1.0313,0,7.77,0.300286735,-0.154744111,0.656471058,-1.549994075,-0.364002393,0.842743789
20230103_60,2022-10-03,8:57,RSB,20230103,Batch03,DC,NO,KN,Subord,AD,2009-01-01,13.8,26.7,0.2,1.007,1.007,1.0071,0.4,10.84,0.068070738,-0.154744111,-1.06524093,-0.562966577,-0.334662652,1.490254421
20230103_63,2022-08-25,8:20,YVA,20230103,Batch03,DC,NO,LE,Subord,RM,1994-05-01,28.3,24.7,0.2,1.011,1.011,1.0108,0.1,8.55,3.129099789,-0.154744111,-0.802003974,-1.179858763,-0.356667458,1.007257891
20230103_64,2022-06-13,13:20,DSS,20230103,Batch03,DC,NO,HG,Subord,LV,2007-04-12,15.2,25,0.2,1.018,1.018,1.0177,1.8,16.64,0.36361837,-0.154744111,-0.311102622,-1.087324935,-0.231973561,2.713564409
20230103_65,2022-05-30,16:17,YVA,20230103,Batch03,IC,NO,BY,Alpha,LV,2003-01-01,19.4,27.3,0.2,1.024,1.024,1.0237,1.6,9.82,1.250261268,-0.154744111,0.115768119,-0.377898921,-0.246643431,1.275120595
20230103_68,2022-09-29,8:20,SRM,20230103,Batch03,DC,NO,ES,Alpha,BC,2013-03-15,9.5,25.8,0.2,1.02,1.02,1.0195,1,12.26,-0.839682705,-0.154744111,-0.183041399,-0.840568061,-0.290653042,1.789754452
20230103_71,2022-10-25,9:50,SRM,20230103,Batch03,IC,NO,FG,Subord,RM,2009-02-18,13.7,30.4,0.2,1.01,1.01,1.0099,1.1,8.2,0.046960192,-0.154744111,-0.866034585,0.578283968,-0.283318106,0.933437461
20230103_74,2022-06-13,16:40,YVA,20230103,Batch03,IC,NO,PW,Subord,LV,2006-01-01,16.4,25,0.2,1.02,1.02,1.0197,1.8,16.64,0.616944912,-0.154744111,-0.168812375,-1.087324935,-0.231973561,2.713564409
20230111_04,2022-07-12,17:32,MAG,20230111,Batch04,IC,NO,BY,Alpha,LV,2003-01-01,19.5,25.5,0.2,1.026,1.026,1.0264,11.4,12.68,1.271371813,-0.154744111,0.307859953,-0.933101889,0.472180211,1.878338968
20230111_07,2022-11-10,7:20,SRM,20230111,Batch04,DC,NO,FI,Subord,RM,2014-08-25,8.2,24.3,0.2,1.002,1.002,1.0022,11.4,7.5,-1.114119793,-0.154744111,-1.413852035,-1.3032372,0.472180211,0.7857966
20230111_08,2022-10-07,9:17,RSB,20230111,Batch04,IC,NO,HG,Subord,LV,2007-04-12,15.5,25.8,0.2,1.002,1.002,1.0022,1.2,10.83,0.426950006,-0.154744111,-1.413852035,-0.840568061,-0.275983171,1.488145265
20230111_09,2022-10-06,9:15,SRM,20230111,Batch04,DC,YES,BD,Alpha,AD,2010-08-20,12.1,25.4,0.1,1.004,1.004,1.0035,0.6,10.84,-0.290808531,-0.407961746,-1.321363375,-0.963946498,-0.319992782,1.490254421
20230111_11,2022-08-01,8:43,SRM,20230111,Batch04,DC,NO,EC,Subord,GN,2009-01-01,13.6,26.7,0.2,1.008,1.008,1.0078,0.4,11.03,0.025849647,-0.154744111,-1.015439344,-0.562966577,-0.334662652,1.530328368
20230111_12,2022-06-21,10:35,YVA,20230111,Batch04,DC,NO,BY,Alpha,LV,2003-01-01,19.5,26.5,0.2,1.021,1.021,1.0213,2.6,16.98,1.271371813,-0.154744111,-0.054980177,-0.624655795,-0.17329408,2.785275684
20230111_13,2022-08-08,10:02,SRM,20230111,Batch04,IC,NO,FG,Subord,RM,2009-02-18,13.5,25,0.2,1.002,1.002,1.0022,4,5.8,0.004739102,-0.154744111,-1.413852035,-1.087324935,-0.070604988,0.427240224
20230111_16,2022-08-25,7:30,SRM,20230111,Batch04,DC,NO,HE,Subord,RM,2014-04-28,8.3,23.5,0.2,1.009,1.008,1.0085,0.1,8.55,-1.093009248,-0.154744111,-0.965637758,-1.549994075,-0.356667458,1.007257891
20230111_18,2022-08-01,6:52,MAG,20230111,Batch04,DC,NO,TD,Subord,GN,2012-10-23,9.8,24.7,0.2,1.003,1.003,1.0033,0.4,11.03,-0.77635107,-0.154744111,-1.3355924,-1.179858763,-0.334662652,1.530328368
20230111_19,2022-10-25,8:03,RSB,20230111,Batch04,DC,NO,LO,Subord,RM,2011-01-01,11.8,28.7,0.2,1.002,1.002,1.0021,1.1,8.2,-0.354140166,-0.154744111,-1.420966548,0.053925609,-0.283318106,0.933437461
20230111_20,2022-10-07,7:02,RJM,20230111,Batch04,IC,NO,SB,Subord,LV,2014-12-02,7.8,24.9,0.2,1.004,1.004,1.0036,1.2,10.83,-1.198561974,-0.154744111,-1.314248863,-1.118169545,-0.275983171,1.488145265
20230111_22,2022-10-03,8:28,WTA,20230111,Batch04,IC,NO,WE,Subord,AD,2013-11-01,8.9,25.2,0.2,1.033,1.033,1.0331,0.4,10.84,-0.966345977,-0.154744111,0.78453228,-1.025635717,-0.334662652,1.490254421
20230111_23,2022-08-10,9:10,SRM,20230111,Batch04,OL,NO,FI,Subord,RM,2014-08-25,8,27,0.1,1.006,1.006,1.0059,0,5.77,-1.156340883,-0.407961746,-1.150615079,-0.470432749,-0.364002393,0.420912759
20230111_24,2022-07-12,16:40,YVA,20230111,Batch04,IC,NO,HG,Subord,LV,2007-04-12,15.2,24.1,0.2,1.036,1.036,1.0358,11.4,12.68,0.36361837,-0.154744111,0.976624113,-1.364926419,0.472180211,1.878338968
20230111_26,2022-10-28,7:50,WTA,20230111,Batch04,DC,NO,CZ,Subord,RM,2006-01-01,16.8,25.6,0.2,1.011,1.011,1.0109,0.2,7.94,0.701387093,-0.154744111,-0.794889461,-0.902257279,-0.349332523,0.878599427
20230111_29,2022-11-02,8:13,SRM,20230111,Batch04,DC,YES,EC,Subord,GN,2009-01-01,13.8,25.4,0.2,1.003,1.003,1.0034,18.2,7.05,0.068070738,-0.154744111,-1.328477887,-0.963946498,0.9709558,0.690884618
20230111_30,2022-10-24,6:34,MAG,20230111,Batch04,DC,YES,BY,Alpha,LV,2003-01-01,19.8,23.5,0.1,1.001,1.001,1.0009,0.4,8.38,1.334703449,-0.407961746,-1.506340696,-1.549994075,-0.334662652,0.971402253
20230111_31,2022-10-03,11:40,WTA,20230111,Batch04,DC,NO,CG,Subord,AD,2011-05-24,11.4,28.2,0.2,1.031,1.031,1.0314,0.4,10.84,-0.438582347,-0.154744111,0.66358557,-0.100297437,-0.334662652,1.490254421
20230626_05,2023-02-07,14:08,AGA,20230626,Batch05,IC,YES,DD,Alpha,GN,2008-01-01,15.1,30.5,0.1,1.003,1.003,1.003,0,0.04,0.342507825,-0.407961746,-1.356935937,0.609128577,-0.364002393,-0.787633143
20230626_06,2023-03-15,7:01,AGA,20230626,Batch05,DC,NO,HG,Subord,LV,2007-04-12,15.9,25.6,0.1,1.004,1.004,1.0036,9,0.17,0.511392186,-0.407961746,-1.314248863,-0.902257279,0.296141768,-0.760214126
20230626_09,2023-01-18,9:08,WTA,20230626,Batch05,DC,YES,LO,Subord,RM,2011-01-01,12,28.2,0.1,1.027,1.027,1.0266,0,0,-0.311919076,-0.407961746,0.322088977,-0.100297437,-0.364002393,-0.796069764
20230626_11,2023-01-16,9:40,SRM,20230626,Batch05,IC,YES,BD,Alpha,AD,2010-08-20,12.4,25.4,0.1,1.032,1.032,1.0323,0,0,-0.227476895,-0.407961746,0.727616181,-0.963946498,-0.364002393,-0.796069764
20230626_12,2023-03-23,9:00,SRM,20230626,Batch05,IC,YES,BY,Alpha,LV,2003-01-01,20.2,26.8,0.1,1.038,1.038,1.0381,0,0.84,1.419145629,-0.407961746,1.140257897,-0.532121968,-0.364002393,-0.618900731
20230626_13,2023-01-17,8:39,SRM,20230626,Batch05,IC,NO,FG,Subord,RM,2009-02-18,13.9,24.8,0.2,1.004,1.004,1.0039,0,0,0.089181283,-0.154744111,-1.292905326,-1.149014154,-0.364002393,-0.796069764
20230626_15,2023-01-30,9:20,SRM,20230626,Batch05,IC,NO,FI,Subord,RM,2014-08-25,8.4,25.4,0.2,1.031,1.031,1.0311,0,0.04,-1.071898702,-0.154744111,0.642242033,-0.963946498,-0.364002393,-0.787633143
20230626_16,2023-01-26,10:18,WTA,20230626,Batch05,DC,YES,SB,Subord,LV,2014-12-02,8.2,28,0.2,1.022,1.022,1.0217,0.9,0,-1.114119793,-0.154744111,-0.026522128,-0.161986656,-0.297987977,-0.796069764
20230626_18,2023-01-09,8:48,WTA,20230626,Batch05,DC,NO,ES,Alpha,BC,2013-03-15,9.8,26.5,0.1,1.007,1.007,1.0072,0,0,-0.77635107,-0.407961746,-1.058126418,-0.624655795,-0.364002393,-0.796069764
20230626_19,2023-03-31,10:47,WTA,20230626,Batch05,IC,NO,HG,Subord,LV,2007-04-12,16,31.4,0.1,1.03,1.031,1.0305,0,0.84,0.532502732,-0.407961746,0.599554959,0.886730061,-0.364002393,-0.618900731
20230626_20,2023-01-17,11:49,SRM,20230626,Batch05,IC,NO,HE,Subord,RM,2014-04-28,8.7,24.8,0.2,1.033,1.033,1.0331,0,0,-1.008567067,-0.154744111,0.78453228,-1.149014154,-0.364002393,-0.796069764
20230626_21,2023-01-04,7:18,SRM,20230626,Batch05,DC,NO,WE,Subord,AD,2013-11-01,9.2,25.7,0.2,1.003,1.003,1.0034,0,0.05,-0.903014341,-0.154744111,-1.328477887,-0.87141267,-0.364002393,-0.785523988
20230626_24,2023-01-30,14:00,AGA,20230626,Batch05,IC,NO,KO,Alpha,RM,2009-01-01,14.1,29.4,0.2,1.004,1.004,1.0036,0,0.04,0.131402373,-0.154744111,-1.314248863,0.269837875,-0.364002393,-0.787633143
20230626_27,2023-01-24,11:43,WTA,20230626,Batch05,IC,YES,EC,Subord,GN,2009-01-01,14.1,30.8,0.1,1.029,1.028,1.0285,0,0,0.131402373,-0.407961746,0.457264712,0.701662405,-0.364002393,-0.796069764
20230626_28,2023-01-26,9:31,RSB,20230626,Batch05,OL,YES,BY,Alpha,LV,2003-01-01,20.1,26.5,0.2,1.024,1.024,1.0236,0.9,0,1.398035084,-0.154744111,0.108653607,-0.624655795,-0.297987977,-0.796069764
20230626_29,2023-01-04,6:40,SRM,20230626,Batch05,IC,NO,KN,Subord,AD,2009-01-01,14,24.5,0.2,1.007,1.007,1.0073,0,0.05,0.110291828,-0.154744111,-1.051011906,-1.241547982,-0.364002393,-0.785523988
20230626_30,2023-03-15,6:25,SRM,20230626,Batch05,DC,NO,SB,Subord,LV,2014-12-02,8.3,23.2,0.2,1.002,1.002,1.0021,9,0.17,-1.093009248,-0.154744111,-1.420966548,-1.642527903,0.296141768,-0.760214126
20230626_32,2023-01-19,11:28,RSB,20230626,Batch05,DC,NO,CZ,Subord,RM,2006-01-01,17,27.9,0.2,1.029,1.029,1.0287,0,0,0.743608183,-0.154744111,0.471493737,-0.192831265,-0.364002393,-0.796069764
20230626_34,2023-01-04,6:57,WTA,20230626,Batch05,DC,NO,CG,Subord,AD,2011-05-24,11.6,25.2,0.1,1.006,1.006,1.0059,0,0.05,-0.396361257,-0.407961746,-1.150615079,-1.025635717,-0.364002393,-0.785523988
20230626_35,2023-03-31,8:57,WTA,20230626,Batch05,DC,YES,BY,Alpha,LV,2003-01-01,20.2,27.4,0.1,1.039,1.039,1.0388,0,0.84,1.419145629,-0.407961746,1.190059484,-0.347054312,-0.364002393,-0.618900731
20230626_37,2023-01-24,11:12,SRM,20230626,Batch05,IC,YES,TD,Subord,GN,2012-10-23,10.3,28.3,0.2,1.027,1.027,1.0266,0,0,-0.670798344,-0.154744111,0.322088977,-0.069452828,-0.364002393,-0.796069764
20230626_38,2023-04-03,7:49,SRM,20230626,Batch05,IC,NO,ES,Alpha,BC,2013-03-15,10.1,25.6,0.1,1.038,1.038,1.0382,0,0.84,-0.713019434,-0.407961746,1.14737241,-0.902257279,-0.364002393,-0.618900731
20230904_04,2023-04-14,7:40,WTA,20230904,Batch06,DC,NO,CG,Subord,AD,2011-05-24,11.9,28.4,0.2,1.032,1.031,1.0315,0,0.68,-0.333029621,-0.154744111,0.670700082,-0.038608218,-0.364002393,-0.652647213
20230904_05,2023-06-13,10:17,CMS,20230904,Batch06,DC,NO,BS,Subord,LV,2017-02-28,6.3,29.7,0.2,1.01,1.01,1.01,1.8,2.32,-1.515220151,-0.154744111,-0.858920072,0.362371703,-0.231973561,-0.306745769
20230904_06,2023-04-21,14:41,RSB,20230904,Batch06,DC,YES,EC,Subord,GN,2009-01-01,14.3,33.8,0.2,1.038,1.038,1.0378,0,0,0.173623463,-0.154744111,1.11891436,1.627000685,-0.364002393,-0.796069764
20230904_09,2023-04-27,9:07,SRM,20230904,Batch06,DC,YES,BD,Alpha,AD,2010-08-20,12.7,25.9,0.1,1.065,1.065,1.065,0,0,-0.164145259,-0.407961746,3.054061719,-0.809723451,-0.364002393,-0.796069764
20230904_10,2023-06-12,10:19,CMS,20230904,Batch06,DC,NO,MC,Subord,LV,2017-01-05,6.4,31.2,0.2,1.019,1.019,1.0189,1.2,2.28,-1.494109606,-0.154744111,-0.225728473,0.825040842,-0.275983171,-0.315182389
20230904_12,2023-04-25,7:30,AGA,20230904,Batch06,DC,YES,FG,Subord,RM,2009-02-18,14.2,28.5,0.1,1.019,1.019,1.0187,0,0,0.152512918,-0.407961746,-0.239957498,-0.007763609,-0.364002393,-0.796069764
20230904_13,2023-06-12,11:31,CMS,20230904,Batch06,IC,YES,HG,Subord,LV,2007-04-12,16.2,32.9,0.1,1.042,1.042,1.0422,1.2,2.28,0.574723822,-0.407961746,1.431952904,1.349399201,-0.275983171,-0.315182389
20230904_15,2023-06-29,10:38,SRM,20230904,Batch06,DC,NO,BS,Subord,LV,2017-02-28,6.3,30.8,0.2,1.04,1.04,1.0397,0.1,3.38,-1.515220151,-0.154744111,1.254090095,0.701662405,-0.356667458,-0.083175323
20230904_16,2023-04-13,14:32,AGA,20230904,Batch06,DC,YES,KN,Subord,AD,2009-01-01,14.3,32.2,0.2,1.031,1.031,1.0311,0,0.72,0.173623463,-0.154744111,0.642242033,1.133486936,-0.364002393,-0.644210593
20230904_17,2023-07-10,12:56,CMS,20230904,Batch06,DC,NO,MC,Subord,LV,2017-01-05,6.5,32.1,2,1.037,1.037,1.0371,0,2.55,-1.472999061,4.40317333,1.069112774,1.102642326,-0.364002393,-0.2582352
20230904_18,2023-07-06,13:23,RSB,20230904,Batch06,DC,NO,HE,Subord,RM,2014-04-28,9.2,31.6,0.2,1.043,1.043,1.043,0.4,3.18,-0.903014341,-0.154744111,1.488869002,0.94841928,-0.334662652,-0.125358426
20230904_20,2023-06-01,7:16,SRM,20230904,Batch06,DC,NO,HG,Subord,LV,2007-04-12,16.1,25.5,0.2,1.005,1.005,1.0046,8.3,1.09,0.553613277,-0.154744111,-1.243103739,-0.933101889,0.244797223,-0.566171852
20230904_21,2023-04-14,10:57,RSB,20230904,Batch06,DC,YES,WE,Subord,AD,2013-11-01,9.4,34.8,0.2,1.036,1.036,1.0364,0,0.68,-0.860793251,-0.154744111,1.019311187,1.935446778,-0.364002393,-0.652647213
20230904_22,2023-04-24,15:58,AGA,20230904,Batch06,DC,YES,LO,Subord,RM,2011-01-01,12.3,33.6,0.1,1.031,1.031,1.0306,0,0,-0.24858744,-0.407961746,0.606669471,1.565311466,-0.364002393,-0.796069764
20230904_23,2023-06-12,8:11,SRM,20230904,Batch06,DC,NO,FG,Subord,LV,2009-02-18,14.3,28.2,0.2,1.03,1.03,1.0298,1.2,2.28,0.173623463,-0.154744111,0.549753372,-0.100297437,-0.275983171,-0.315182389
20230904_24,2023-04-20,7:54,WTA,20230904,Batch06,OL,YES,BY,Alpha,LV,2003-01-01,20.3,28.8,0.1,1.027,1.02,1.0235,0,0,1.440256175,-0.407961746,0.101539095,0.084770219,-0.364002393,-0.796069764
20230904_26,2023-07-10,9:00,SRM,20230904,Batch06,DC,YES,FG,Subord,LV,2009-02-18,14.4,27.2,2,1.036,1.036,1.0357,0,2.55,0.194734009,4.40317333,0.969509601,-0.40874353,-0.364002393,-0.2582352
20230904_28,2023-04-25,7:25,RSB,20230904,Batch06,DC,YES,FI,Subord,RM,2014-08-25,8.7,27.1,0.2,1.036,1.036,1.0362,0,0,-1.008567067,-0.154744111,1.005082163,-0.43958814,-0.364002393,-0.796069764
20230904_29,2023-04-20,11:32,SRM,20230904,Batch06,DC,YES,HG,Subord,LV,2007-04-12,16,35.7,0.1,1.03,1.03,1.0298,0,0,0.532502732,-0.407961746,0.549753372,2.213048262,-0.364002393,-0.796069764
20230904_30,2023-05-04,9:00,SRM,20230904,Batch06,DC,YES,DD,Alpha,GN,2008-01-01,15.3,29,0.1,1.039,1.039,1.0391,0,0.57,0.384728915,-0.407961746,1.211403021,0.146459437,-0.364002393,-0.67584792
20230904_31,2023-04-20,8:20,SRM,20230904,Batch06,DC,YES,SB,Subord,LV,2014-12-02,8.4,30.3,0.1,1.065,1.065,1.065,0,0,-1.071898702,-0.407961746,3.054061719,0.547439359,-0.364002393,-0.796069764
20230904_32,2023-06-01,8:08,SRM,20230904,Batch06,DC,NO,BS,Subord,LV,2017-02-28,6.3,26.7,0.2,1.022,1.022,1.0216,8.3,1.09,-1.515220151,-0.154744111,-0.03363664,-0.562966577,0.244797223,-0.566171852
20230904_33,2023-07-03,9:20,CMS,20230904,Batch06,DC,NA,BD,Alpha,AD,2010-08-20,12.9,30.7,0.2,1.029,1.029,1.0293,0.2,2.2,-0.121924169,-0.154744111,0.514180811,0.670817796,-0.349332523,-0.33205563
20230904_35,2023-07-06,13:38,WTA,20230904,Batch06,DC,NO,FI,Subord,RM,2014-08-25,8.9,32.6,0.2,1.034,1.034,1.0344,0.4,3.18,-0.966345977,-0.154744111,0.87702094,1.256865373,-0.334662652,-0.125358426
20230904_37,2023-06-29,9:30,SRM,20230904,Batch06,DC,NO,FG,Subord,LV,2009-02-18,14.4,28.3,1,1.034,1.034,1.0341,0.1,3.38,0.194734009,1.870996974,0.855677403,-0.069452828,-0.356667458,-0.083175323
20230904_39,2023-07-03,10:00,RSB,20230904,Batch06,DC,NA,CG,Subord,AD,2011-05-24,12.1,31.5,0.2,1.033,1.033,1.033,0.2,2.2,-0.290808531,-0.154744111,0.777417768,0.91757467,-0.349332523,-0.33205563
20230904_40,2023-04-24,13:44,WTA,20230904,Batch06,DC,YES,HE,Subord,RM,2014-04-28,9,37.8,0.2,1.016,1.016,1.016,0,0,-0.945235431,-0.154744111,-0.432049331,2.860785057,-0.364002393,-0.796069764
20230904_41,2023-06-29,11:30,WTA,20230904,Batch06,IC,NO,MC,Subord,LV,2017-01-05,6.5,32.4,0.2,1.01,1.01,1.0104,0.1,3.38,-1.472999061,-0.154744111,-0.830462023,1.195176154,-0.356667458,-0.083175323
20230904_42,2023-04-05,8:42,RSB,20230904,Batch06,DC,YES,TD,Subord,GN,2012-10-23,10.4,32.1,0.2,1.03,1.03,1.0301,0,0.84,-0.649687799,-0.154744111,0.57109691,1.102642326,-0.364002393,-0.618900731
20230904_44,2023-07-03,8:06,RSB,20230904,Batch06,DC,NA,KN,Subord,AD,2009-01-01,14.5,31.6,0.2,1.023,1.023,1.0226,0.2,2.2,0.215844554,-0.154744111,0.037508483,0.94841928,-0.349332523,-0.33205563
20230904_45,2023-07-10,10:30,SRM,20230904,Batch06,OL,YES,BS,Subord,LV,2017-02-28,6.4,28.8,0.2,1.027,1.027,1.0273,0,2.55,-1.494109606,-0.154744111,0.371890564,0.084770219,-0.364002393,-0.2582352
20230904_46,2023-04-25,8:40,SRM,20230904,Batch06,IC,NO,CZ,Subord,RM,2006-01-01,17.3,30.2,0.2,1.034,1.034,1.0338,0,0,0.806939819,-0.154744111,0.834333866,0.516594749,-0.364002393,-0.796069764
20230904_48,2023-06-01,9:18,SRM,20230904,Batch06,IC,NO,MC,Subord,LV,2017-01-05,6.4,29.9,0.2,1.003,1.003,1.003,8.3,1.09,-1.494109606,-0.154744111,-1.356935937,0.424060921,0.244797223,-0.566171852
20230904_50,2023-04-11,15:43,RSB,20230904,Batch06,DC,YES,KO,Alpha,RM,2009-01-01,14.3,30.8,0.2,1.011,1.011,1.011,0,0.84,0.173623463,-0.154744111,-0.787774949,0.701662405,-0.364002393,-0.618900731
20230904_51,2023-07-04,14:30,WTA,20230904,Batch06,IC,NO,WE,Subord,AD,2013-11-01,9.7,28.7,0.2,1.043,1.043,1.0432,29.1,2.2,-0.797461615,-0.154744111,1.503098027,0.053925609,1.770463729,-0.33205563
