Comp,Filename,RT,Area
M041.P04,20220712_33,3.354,1906364
M041.P04,20230111_16,3.403,111449
M041.P04,20230111_19,3.413,68927
M041.P04,20230111_06,3.417,46714
M041.P04,20230904_42,3.346,38150
M041.P04,20220718_12,3.34,32249
M041.P04,20241007_43,6.573,22974
M041.P04,20220718_35,3.374,19696
M041.P04,20240318_33,6.513,18252
M041.P04,20240318_23,6.504,15910
M043.P03,20240318_32,6.542,2085898
M043.P03,20230111_22,3.003,1544134
M043.P03,20230626_21,2.996,218803
M043.P03,20220712_21,3.063,169219
M043.P03,20220712_11,3.079,132294
M043.P03,20230103_16,3.139,123824
M043.P03,20220711_09,3.077,106126
M043.P03,20220712_34,3.063,95512
M043.P03,20220711_07,3.08,92407
M043.P03,20230103_11,3.3,89981
M043.P03,20220718_41,3.27,87831
M043.P03,20220718_62,3.076,86563
M043.P03,20230103_63,2.984,86239
M043.P03,20220718_10,3.079,80455
M043.P03,20230904_04,3.065,80439
M043.P03,20220718_51,3.079,77493
M043.P03,20230103_46,3.403,74238
M043.P03,20230103_60,3.033,73037
M043.P03,20231212_29,6.271,72603
M043.P03,20240318_23,6.485,69675
M043.P03,20230626_22,3.15,67777
M043.P03,20230103_50,3.165,66804
M043.P03,20230103_65,3.044,64757
M043.P03,20220718_61,3.166,43314
M043.P03,20220718_12,3.076,43060
M043.P03,20220718_20,3.069,41541
M043.P03,20230103_13,3.34,39777
M043.P03,20230111_19,3.346,35919
M043.P03,20220711_09,3.3,34942
M043.P03,20230111_16,3.362,34807
M043.P03,20231212_10,6.197,32810
M043.P03,20220712_21,3.291,27972
M043.P03,20220718_04,3.427,25334
M043.P03,20240318_89,6.55,22327
M043.P03,20240318_33,6.5,20393
M043.P03,20230904_40,3.42,16885
M043.P03,20240318_75,6.638,16180
M043.P03,20240318_43,6.657,15069
M043.P03,20230904_50,3.332,12768
M043.P03,20230111_13,3.037,11135
M043.P03,20220718_10,3.297,9166
M043.P03,20231212_34,6.507,7355
M043.P08,20230111_27,3.988,552007
M043.P08,20220718_55,3.977,435227
M043.P08,20230904_42,4.019,325469
M043.P08,20220712_24,4.007,154802
M043.P08,20230904_39,4.03,137514
M043.P08,20230626_16,3.985,113822
M043.P08,20220712_21,4.026,102906
M043.P08,20220718_32,4.029,76285
M043.P08,20230904_30,4.013,58534
M043.P08,20230904_06,4.033,57104
M043.P08,20220711_09,3.997,55119
M043.P08,20220718_10,4.023,49095
M043.P08,20230103_57,4.067,44311
M043.P08,20230111_20,4.024,30940
M043.P08,20230111_13,4.083,29269
M043.P08,20231212_22,7.193,27306
M043.P08,20230904_16,3.997,20023
M043.P08,20231212_16,7.197,16908
M043.P13,20220712_11,5.093,54607
M043.P13,20230626_22,5.17,28094
M043.P13,20230626_38,5.14,19002
M043.P13,20231212_10,8.339,18950
M043.P13,20231212_20,8.289,12751
M043.P13,20240318_61,8.281,3455
M044.P03,20230904_33,3.407,568779
M044.P03,20240318_89,6.56,439771
M044.P03,20231212_29,6.57,253231
M044.P03,20230904_44,3.428,56794
M044.P03,20220718_51,3.455,55420
M044.P03,20230111_18,3.457,54903
M044.P03,20230103_33,3.417,47871
M044.P03,20230904_16,3.431,47737
M044.P03,20230103_20,3.415,43693
M044.P03,20220712_16,3.415,42967
M044.P03,20230103_68,3.437,39807
M044.P03,20230904_40,3.419,39343
M044.P03,20230103_40,3.449,38030
M044.P03,20230904_28,3.336,37726
M044.P03,20230904_50,3.422,35550
M044.P03,20230626_37,3.443,29682
M044.P03,20230904_04,3.421,26990
M044.P03,20230103_16,3.418,26987
M044.P03,20220718_05,3.437,26359
M044.P03,20230111_04,3.423,24642
M044.P03,20230111_22,3.427,24348
M044.P03,20230626_32,3.46,22905
M044.P03,20230626_38,3.429,20896
M044.P03,20230626_16,3.411,20172
M044.P03,20230103_57,3.407,18882
M044.P03,20220718_48,3.417,17647
M044.P03,20241007_16,6.682,8739
M045.P02,20240318_32,6.42,9974790
M045.P02,20240318_89,6.561,1547716
M045.P02,20241007_26,6.421,1025235
M045.P02,20230111_20,3.286,849314
M045.P02,20231212_29,6.568,843376
M045.P02,20231212_34,6.462,782243
M045.P02,20231212_22,6.525,678280
M045.P02,20220712_06,3.243,544308
M045.P02,20230103_48,3.312,537551
M045.P02,20230111_26,3.229,485711
M045.P02,20220711_06,3.249,463719
M045.P02,20230904_06,3.342,420271
M045.P02,20230103_43,3.302,404997
M045.P02,20230103_30,3.369,392291
M045.P02,20230103_19,3.274,363120
M045.P02,20230103_09,3.184,228182
M045.P02,20230626_16,3.223,192078
M045.P02,20231212_12,6.487,155179
M045.P02,20230103_40,3.364,99494
M045.P02,20240318_05,6.43,83586
M045.P02,20230103_33,3.315,83468
M045.P02,20231212_13,6.473,77580
M045.P02,20220718_04,3.313,76642
M045.P02,20241007_46,6.552,51727
M045.P02,20230904_22,3.347,48656
M045.P02,20220718_35,3.363,34932
M045.P02,20230103_50,3.203,21065
M045.P02,20241007_63,6.426,20859
M045.P02,20230103_06,3.239,20426
M045.P02,20220711_10,3.295,14648
M045.P02,20230103_74,3.266,14318
M045.P02,20230111_19,3.307,13458
M045.P02,20220718_41,3.311,8976
M045.P02,20230111_31,3.283,7580
M045.P02,20230103_71,3.291,6849
M045.P02,20230103_68,3.377,5918
M045.P06,20220712_21,3.998,596746
M045.P06,20220712_06,3.991,415409
M045.P06,20220712_24,4.003,413126
M045.P06,20220711_08,4.135,355371
M045.P06,20230904_42,4.03,353266
M045.P06,20220718_32,4.005,321152
M045.P06,20230904_12,4.107,285440
M045.P06,20220718_62,4.006,280813
M045.P06,20230626_16,3.977,265141
M045.P06,20220711_09,4.008,263615
M045.P06,20220712_34,4.067,256765
M045.P06,20220712_05,4.013,255612
M045.P06,20220711_07,4.026,252446
M045.P06,20220712_11,4.011,206727
M045.P06,20220718_51,4.014,206459
M045.P06,20230103_07,4.138,201643
M045.P06,20230103_38,3.971,181363
M045.P06,20220718_31,4.02,177309
M045.P06,20230904_46,4.061,175498
M045.P06,20230904_33,4.064,159617
M045.P06,20230904_40,4.055,156669
M045.P06,20220718_20,4.014,146487
M045.P06,20220718_10,4.021,145140
M045.P06,20230904_50,4.062,137635
M045.P06,20230626_32,4.126,127158
M045.P06,20220718_12,4.034,102258
M045.P06,20230103_43,3.974,99341
M045.P06,20231212_22,7.291,90849
M045.P06,20230626_34,4.092,90270
M045.P06,20231212_29,7.336,89592
M045.P06,20230626_20,4.022,86615
M045.P06,20230626_15,4.024,83774
M045.P06,20230626_11,4.025,82648
M045.P06,20230904_09,4.103,73130
M045.P06,20241007_68,7.271,53482
M045.P06,20230626_09,3.979,49862
M045.P06,20230626_13,4.033,45703
M045.P06,20230626_38,4.091,44929
M045.P06,20241007_26,7.184,44850
M045.P06,20230904_06,4.066,33887
M045.P06,20240318_22,7.249,26127
M045.P06,20240318_24,7.255,21906
M045.P06,20231212_34,7.261,13163
M045.P06,20240318_05,7.207,11546
M045.P06,20240318_75,7.232,10888
M045.P06,20230904_44,4.043,4004
M045.P07,20230111_24,4.373,1427104
M045.P07,20230103_50,4.354,1407220
M045.P07,20230111_06,4.357,1371953
M045.P07,20220712_11,4.369,1339180
M045.P07,20230103_07,4.342,1310984
M045.P07,20230111_27,4.37,1269862
M045.P07,20230111_11,4.362,1244869
M045.P07,20230103_10,4.335,1196200
M045.P07,20230103_09,4.377,1176224
M045.P07,20220712_24,4.379,1173509
M045.P07,20230111_15,4.38,1156166
M045.P07,20230904_50,4.34,1154240
M045.P07,20220712_21,4.376,1147891
M045.P07,20230904_46,4.335,1129441
M045.P07,20220711_07,4.369,1094455
M045.P07,20220712_05,4.379,1073270
M045.P07,20230103_64,4.361,1063775
M045.P07,20230103_06,4.337,1053246
M045.P07,20230904_12,4.355,1039435
M045.P07,20230111_18,4.374,1018947
M045.P07,20230103_30,4.363,1014859
M045.P07,20220711_09,4.362,1011135
M045.P07,20230904_40,4.321,1009291
M045.P07,20230103_63,4.338,1001851
M045.P07,20220718_48,4.382,962157
M045.P07,20220718_31,4.376,959192
M045.P07,20230111_04,4.35,950888
M045.P07,20230904_28,4.356,937906
M045.P07,20230103_23,4.356,920574
M045.P07,20220718_62,4.371,892213
M045.P07,20220712_35,4.374,891167
M045.P07,20230103_29,4.363,878498
M045.P07,20220712_29,4.366,855182
M045.P07,20230103_40,4.373,851388
M045.P07,20230103_56,4.356,840555
M045.P07,20230626_15,4.353,834339
M045.P07,20230103_65,4.343,834089
M045.P07,20230111_12,4.361,833013
M045.P07,20230103_46,4.364,829225
M045.P07,20230103_38,4.366,827880
M045.P07,20230103_20,4.37,819426
M045.P07,20220718_32,4.381,794986
M045.P07,20220718_50,4.36,777408
M045.P07,20230103_33,4.375,758680
M045.P07,20220711_06,4.366,756354
M045.P07,20220718_10,4.379,752959
M045.P07,20220718_41,4.365,743105
M045.P07,20220712_18,4.364,731958
M045.P07,20230103_68,4.356,729647
M045.P07,20220712_16,4.383,723465
M045.P07,20220712_06,4.346,722650
M045.P07,20230904_21,4.345,712117
M045.P07,20230103_74,4.35,698872
M045.P07,20230626_09,4.44,688891
M045.P07,20220711_10,4.357,687605
M045.P07,20220718_55,4.369,665747
M045.P07,20230626_21,4.345,660750
M045.P07,20230103_35,4.359,639287
M045.P07,20230904_44,4.361,632165
M045.P07,20220718_12,4.381,624387
M045.P07,20230103_11,4.386,619379
M045.P07,20220718_61,4.359,614520
M045.P07,20230111_16,4.359,612252
M045.P07,20220718_05,4.374,608375
M045.P07,20230904_30,4.339,601531
M045.P07,20220712_09,4.345,600061
M045.P07,20230904_09,4.329,583340
M045.P07,20230626_34,4.34,574318
M045.P07,20230103_19,4.383,568420
M045.P07,20220718_04,4.373,567313
M045.P07,20220712_15,4.34,561602
M045.P07,20230103_16,4.354,556717
M045.P07,20230904_22,4.351,551570
M045.P07,20230626_24,4.428,516266
M045.P07,20230103_48,4.346,496527
M045.P07,20230626_32,4.369,494250
M045.P07,20230111_31,4.374,490830
M045.P07,20230626_18,4.353,490230
M045.P07,20230111_09,4.354,488249
M045.P07,20220711_04,4.357,486890
M045.P07,20230103_53,4.373,485617
M045.P07,20230103_57,4.354,481869
M045.P07,20230626_37,4.339,477652
M045.P07,20220718_51,4.377,471651
M045.P07,20230103_13,4.338,468782
M045.P07,20230111_20,4.365,468621
M045.P07,20220718_35,4.363,460944
M045.P07,20230904_16,4.364,456605
M045.P07,20230111_07,4.37,452656
M045.P07,20230626_29,4.369,445848
M045.P07,20230103_60,4.35,442293
M045.P07,20230626_11,4.357,431708
M045.P07,20230904_06,4.349,431569
M045.P07,20220718_20,4.376,425462
M045.P07,20230626_16,4.374,416246
M045.P07,20230111_19,4.356,413618
M045.P07,20230111_29,4.382,408860
M045.P07,20230904_04,4.353,371054
M045.P07,20230626_38,4.335,364238
M045.P07,20230904_39,4.355,341743
M045.P07,20230626_27,4.383,335742
M045.P07,20230111_30,4.385,331055
M045.P07,20230626_05,4.368,288035
M045.P07,20230103_71,4.351,263305
M045.P07,20230103_26,4.367,257409
M045.P07,20240318_23,7.526,236408
M045.P07,20230103_43,4.359,233526
M045.P07,20240318_33,7.653,202450
M045.P07,20230111_26,4.359,192669
M045.P07,20230111_22,4.356,165244
M045.P07,20230626_13,4.313,162065
M045.P07,20230111_08,4.347,160409
M045.P07,20241007_10,7.587,58410
M055.P05,20230626_22,4.61,158795
M055.P05,20220711_09,4.737,63447
M055.P05,20240318_32,7.943,45327
M055.P05,20220718_61,4.637,17240
M055.P05,20230103_10,4.591,17100
M055.P05,20230103_38,4.643,16728
M055.P05,20230103_20,4.69,15507
M055.P05,20230904_50,4.597,14063
M055.P05,20230626_32,4.616,12602
M055.P05,20220718_04,4.654,10685
M055.P05,20230904_22,4.692,9188
M055.P05,20230111_20,4.713,9156
M055.P05,20230904_06,4.585,6825
M055.P05,20230626_05,4.659,6525
M055.P05,20240318_89,8.013,4332
M055.P05,20220718_62,4.711,3542
M056.P02,20220712_21,3.174,37502
M056.P02,20230626_09,3.07,34035
M056.P02,20220718_61,3.17,33398
M056.P02,20230103_71,3.131,26510
M056.P02,20230111_07,3.124,25570
M056.P02,20230103_29,3.144,18447
M056.P02,20230111_04,3.137,16803
M056.P02,20231212_12,6.45,13733
M056.P02,20220712_34,3.164,13010
M056.P02,20230626_15,3.153,10810
M056.P02,20230103_50,3.124,10630
M056.P02,20220712_09,3.178,10553
M056.P02,20220718_12,3.16,10329
M056.P02,20220711_06,3.19,9908
M056.P02,20220712_24,3.175,9681
M056.P02,20230111_20,3.167,9511
M056.P02,20230103_56,3.137,8287
M056.P02,20230103_26,3.162,7772
M056.P02,20220718_50,3.093,7670
M056.P02,20220718_62,3.18,6957
M056.P02,20220718_48,3.179,6641
M056.P02,20230904_16,3.22,6326
M056.P02,20230626_27,3.17,6151
M056.P02,20230626_18,3.17,6012
M056.P02,20230626_34,3.194,5942
M056.P02,20230111_24,3.186,5716
M057.P02,20231212_13,6.471,41149
M057.P02,20231212_12,6.443,30378
M057.P02,20230626_22,3.149,16833
M057.P02,20230111_04,3.142,11709
M057.P02,20230111_09,3.122,10309
M057.P02,20230103_68,3.136,8497
M057.P02,20230626_27,3.146,7890
M057.P02,20240318_05,6.405,3949
M057.P02,20240318_71,6.487,2572
M057.P02,20231212_04,6.433,1866
M057.P03,20230904_33,3.583,339399
M057.P03,20230103_10,3.689,82130
M057.P03,20230103_43,3.673,26155
M057.P03,20230626_21,3.64,17218
M057.P03,20230111_20,3.687,11065
M057.P03,20240318_61,6.853,7918
M057.P03,20241007_63,6.87,3909
M057.P08,20220712_05,4.74,1345459
M057.P08,20230626_37,4.736,243108
M057.P08,20220712_06,4.711,179916
M057.P08,20230103_10,4.702,130129
M057.P08,20230103_29,4.719,116779
M057.P08,20220711_04,4.716,110861
M057.P08,20220718_35,4.718,106805
M057.P08,20230904_51,4.73,73566
M057.P08,20220712_34,4.625,59291
M057.P08,20230626_15,4.703,41874
M057.P08,20230111_12,4.643,39938
M057.P08,20220711_10,4.647,33229
M057.P08,20230103_06,4.634,32638
M057.P08,20220712_24,4.658,32114
M057.P08,20230904_40,4.783,28391
M057.P08,20230626_32,4.614,28101
M057.P08,20230103_40,4.669,27236
M057.P08,20220718_62,4.656,24390
M057.P08,20220718_31,4.651,24186
M057.P08,20230111_20,4.731,24164
M057.P08,20220712_09,4.637,23872
M057.P08,20220718_20,4.65,23541
M057.P08,20230103_23,4.643,22959
M057.P08,20220718_10,4.655,22224
M057.P08,20230103_64,4.653,21177
M057.P08,20230904_16,4.758,16697
M057.P08,20230626_22,4.804,15880
M057.P08,20220712_35,4.677,14516
M057.P08,20230111_09,4.653,12458
M057.P08,20230111_29,4.676,11568
M057.P08,20230111_04,4.656,10891
M057.P08,20230626_24,4.729,7358
M057.P08,20230111_30,4.684,6295
M057.P08,20240318_24,8.132,4681
M057.P08,20230103_57,4.643,4037
M057.P08,20240318_05,8.191,3729
M057.P08,20240318_20,8.147,3376
M057.P08,20240318_19,8.167,2108
M057.P08,20240318_40,8.161,1715
M057.P08,20240318_55,8.17,1684
M057.P10,20230904_51,5.45,224688
M057.P10,20230626_11,5.477,59748
M057.P10,20230626_18,5.531,55345
M057.P10,20220718_10,5.458,52553
M057.P10,20220712_29,5.494,36183
M057.P10,20230904_28,5.354,31152
M057.P10,20220711_08,5.493,23625
M057.P10,20230111_27,5.439,19269
M057.P10,20230904_12,5.499,14668
M057.P10,20230626_38,5.477,10953
M057.P10,20220712_11,5.49,9139
M057.P10,20230103_26,5.523,7201
M057.P10,20240318_24,8.675,6584
M057.P10,20240318_23,8.685,3632
M059.P04.2,20220712_09,4.469,1484846
M059.P04.2,20230103_20,4.522,954692
M059.P04.2,20230103_74,4.56,855556
M059.P04.2,20230904_04,4.503,173975
M059.P04.2,20230904_16,4.384,98015
M059.P04.2,20230111_08,4.39,95148
M059.P04.2,20230111_22,4.496,93370
M059.P04.2,20220718_20,4.483,74300
M059.P04.2,20230626_32,4.4,48360
M059.P04.2,20230626_34,4.433,46870
M059.P04.2,20230111_19,4.384,44986
M059.P04.2,20230103_60,4.487,44782
M059.P04.2,20230111_18,4.547,33222
M059.P04.2,20230103_38,4.568,29078
M059.P04.2,20230626_37,4.447,24254
M059.P04.2,20220718_10,4.413,23093
M059.P04.2,20240318_71,7.694,23070
M059.P04.2,20240318_23,7.695,22044
M059.P04.2,20240318_75,7.607,18871
M059.P04.2,20230103_63,4.57,17432
M059.P04.2,20240318_30,7.671,13825
M059.P04.2,20241007_63,7.689,4362
M069.P05,20230103_10,4.773,202111
M069.P05,20230103_56,4.792,140433
M069.P05,20220712_24,4.804,126351
M069.P05,20230111_18,4.817,119785
M069.P05,20230111_27,4.801,95396
M069.P05,20220712_06,4.793,94230
M069.P05,20230111_12,4.797,79953
M069.P05,20230103_20,4.781,76062
M069.P05,20220711_10,4.808,71720
M069.P05,20230103_11,4.77,67688
M069.P05,20230103_30,4.804,55734
M069.P05,20230904_33,4.777,53594
M069.P05,20230103_33,4.795,46611
M069.P05,20230103_64,4.797,46585
M069.P05,20230103_19,4.767,45940
M069.P05,20230103_40,4.813,42176
M069.P05,20230103_65,4.785,40275
M069.P05,20230904_50,4.78,34196
M069.P05,20220718_62,4.811,32661
M069.P05,20230904_46,4.781,32367
M069.P05,20230111_04,4.8,28175
M069.P05,20230103_16,4.786,27458
M069.P05,20230904_51,4.8,25663
M069.P05,20220711_08,4.816,25457
M069.P05,20230103_29,4.804,24462
M069.P05,20230103_23,4.796,22676
M069.P05,20230904_09,4.784,19999
M069.P05,20220712_05,4.805,17800
M069.P05,20230111_11,4.801,15547
M069.P05,20220718_41,4.804,14941
M069.P05,20220718_55,4.81,12939
M069.P05,20230103_60,4.784,12817
M069.P05,20230626_38,4.783,11529
M069.P05,20220712_11,4.808,10839
M069.P05,20230626_16,4.791,8746
M069.P05,20220718_04,4.837,8541
M069.P05,20220712_16,4.79,7936
M069.P05,20230904_21,4.793,7375
M069.P05,20230626_20,4.787,6914
M069.P05,20230103_38,4.804,6875
M069.P05,20220718_51,4.815,6808
M069.P05,20230904_28,4.8,5415
M069.P05,20230626_11,4.779,5395
M069.P05,20230626_24,4.866,5289
M069.P05,20230103_63,4.693,5055
M069.P05,20230111_26,4.818,4474
M069.P05,20230111_24,4.72,4457
M069.P05,20230111_30,4.834,4299
M069.P05,20230103_35,4.713,4176
M069.P05,20230103_13,4.792,2753
M069.P05,20241007_68,8.133,2351
M069.P05,20230626_27,4.727,1690
M069.P05,20220718_31,4.837,1689
M069.P05,20230103_53,4.813,1423
M069.P05,20230111_06,4.723,0
M069.P05,20240318_05,8.06,0
M069.P05,20240318_40,8.027,0
M071.P01,20230904_50,2.762,1311000
M071.P01,20230111_30,2.764,658842
M071.P01,20220712_24,2.788,545959
M071.P01,20220718_32,2.79,396724
M071.P01,20230626_32,2.821,301269
M071.P01,20230626_21,2.729,261324
M071.P01,20230626_16,2.734,260466
M071.P01,20230904_30,2.797,228496
M071.P01,20220712_15,2.8,201646
M071.P01,20220712_29,2.744,190414
M071.P01,20220718_62,2.794,184747
M071.P01,20230103_57,2.828,176692
M071.P01,20230904_12,2.739,148745
M071.P01,20230103_07,2.727,132468
M071.P01,20220718_55,2.75,130225
M071.P01,20220718_61,2.834,104715
M071.P01,20230904_40,2.773,100180
M071.P01,20220718_20,2.76,99835
M071.P01,20230103_60,2.738,98858
M071.P01,20220718_41,2.748,93963
M071.P01,20220711_06,2.753,83410
M071.P01,20220718_48,2.807,67750
M071.P01,20230103_71,2.738,67743
M071.P01,20230111_12,2.749,62416
M071.P01,20230103_09,2.737,61379
M071.P01,20230904_42,2.779,57835
M071.P01,20230904_06,2.828,54836
M071.P01,20220718_31,2.813,48608
M071.P01,20230103_30,2.74,44507
M071.P01,20220718_35,2.749,44019
M071.P01,20230626_29,2.732,34825
M071.P01,20230904_09,2.774,33126
M071.P01,20230904_28,2.847,31554
M071.P01,20220712_16,2.787,31230
M071.P01,20230626_38,2.795,29742
M071.P01,20220712_35,2.748,29597
M071.P01,20230904_04,2.805,29223
M071.P01,20230904_51,2.818,27824
M071.P01,20230111_08,2.813,27304
M071.P01,20230103_63,2.804,23024
M071.P01,20230103_20,2.815,16906
M071.P01,20231212_34,5.917,4390
M071.P01,20231212_29,5.881,3168
M071.P01,20240318_19,5.931,0
M073.P01,20220712_34,4.377,1225207
M073.P01,20220718_61,4.401,51599
M073.P01,20241007_43,7.627,0
M073.P01.3,20230904_22,5.147,81852
M073.P01.3,20231212_12,8.507,57617
M073.P01.3,20231212_46,8.423,15548
M073.P01.3,20240318_74,8.403,12690
M073.P01.3,20240318_20,8.423,10047
M073.P01.3,20240318_33,8.341,9592
M073.P01.3,20230111_04,5.157,7204
M073.P01.3,20230103_50,5.14,6146
M073.P01.3,20230103_64,5.152,5099
M073.P01.3,20231212_20,8.513,4891
M073.P01.3,20230626_29,5.164,1878
M073.P01.3,20230103_57,5.236,0
M109.P01,20220712_06,5.556,55141
M109.P01,20220712_11,5.564,37382
M109.P01,20220718_35,5.56,36934
M109.P01,20220718_05,5.577,35504
M109.P01,20220718_61,5.558,35175
M109.P01,20220712_21,5.568,31182
M109.P01,20220718_48,5.56,29862
M109.P01,20230103_33,5.548,26192
M109.P01,20220712_05,5.569,25680
M109.P01,20220718_62,5.567,21532
M109.P01,20230904_46,5.545,18518
M109.P01,20220718_51,5.572,17166
M109.P01,20220718_12,5.574,11357
M109.P01,20230111_22,5.56,10040
M109.P01,20230111_08,5.551,9580
M109.P01,20241007_16,8.646,7201
M109.P01,20230111_11,5.593,3516
M109.P01,20241007_68,8.659,3260
M109.P01,20230904_39,5.57,2569
M109.P01,20230103_19,5.593,1305
M109.P01,20220711_08,5.653,0
M109.P01,20220712_15,5.643,0
M109.P01,20230103_11,5.637,0
M109.P01,20230103_38,5.623,0
M109.P01,20230103_57,5.62,0
M109.P01,20230103_71,5.607,0
N044.P11,20220712_33,9.116,3340838
N044.P11,20220712_15,9.126,203350
N044.P11,20220711_07,9.11,86937
N044.P11,20220712_24,9.107,59230
N044.P11,20220718_62,9.089,53560
N044.P11,20220718_31,9.093,52200
N044.P11,20220712_09,9.16,51749
N044.P11,20220718_10,9.095,51238
N044.P11,20220711_06,9.2,50166
N044.P11,20230626_16,9.208,48426
N044.P11,20220712_16,9.163,42297
N044.P11,20220718_48,9.138,42238
N044.P11,20230103_20,9.152,36251
N044.P11,20241007_43,12.532,30460
N044.P11,20220711_09,9.096,28879
N044.P11,20220718_32,9.093,27646
N044.P11,20231212_12,12.62,27002
N044.P11,20220711_08,9.2,24418
N044.P11,20241007_68,12.444,24156
N044.P11,20230626_15,9.109,21650
N044.P11,20231212_44,12.624,21094
N044.P11,20240318_86,12.503,19140
N044.P11,20230103_65,9.162,18136
N044.P11,20230111_18,9.211,16275
N044.P11,20230904_42,9.214,16117
N044.P11,20240318_89,12.574,14258
N044.P11,20220718_50,9.231,13798
N044.P11,20230103_06,9.214,10407
N044.P11,20240318_74,12.507,8938
N044.P11,20231212_16,12.62,8792
N044.P11,20230103_68,9.232,8047
N044.P11,20220718_12,9.147,6570
N044.P11,20230103_26,9.223,6079
N044.P11,20231212_46,12.55,4787
N044.P11,20241007_20,12.497,3522
N044.P11,20241007_63,12.51,3034
N044.P11,20230103_63,9.223,2574
N044.P11,20240318_55,12.498,1379
N044.P11,20241007_16,12.573,1371
N044.P11,20240318_05,12.577,1249
N056.P02,20220711_10,6.531,15347
N056.P02,20230111_16,6.529,13742
N056.P02,20230111_27,6.555,12599
N056.P02,20230103_09,6.498,10129
N056.P02,20230904_46,6.523,7938
N056.P02,20230103_23,6.516,7719
N056.P02,20230103_40,6.511,7371
N056.P02,20230103_53,6.494,7275
N056.P02,20220712_18,6.537,7028
N056.P02,20230103_65,6.497,6311
N056.P02,20230111_06,6.529,5975
N056.P02,20230103_74,6.513,4829
N056.P02,20230904_28,6.537,4202
N056.P02,20220712_35,6.511,3873
N056.P02,20240318_30,9.611,3448
N056.P02,20230103_60,6.524,3323
N056.P02,20230111_15,6.558,3022
N056.P02,20231212_04,9.723,2777
N056.P02,20230103_57,6.537,2650
N056.P02,20231212_46,9.697,2509
N056.P02,20230111_22,6.569,2404
N056.P02,20230626_34,6.54,2300
N056.P02,20230904_06,6.559,2277
N056.P02,20230626_21,6.517,1951
N056.P02,20240318_33,9.605,1239
N056.P02,20230904_39,6.557,0
N057.P06,20220712_06,7.653,213868
N057.P06,20230626_16,7.68,72298
N057.P06,20220712_09,7.615,71779
N057.P06,20220711_06,7.703,53598
N057.P06,20230103_29,7.733,53432
N057.P06,20241007_26,10.989,42678
N057.P06,20230103_48,7.677,37056
N057.P06,20230626_20,7.56,32798
N057.P06,20230626_11,7.553,32435
N057.P06,20230111_22,7.689,30215
N057.P06,20230904_42,7.587,22470
N057.P06,20220718_50,7.696,22272
N057.P06,20241007_43,10.918,20218
N057.P06,20240318_74,10.903,17732
N057.P06,20220718_12,7.593,17653
N057.P06,20240318_86,10.926,14506
N057.P06,20230626_13,7.651,13835
N057.P06,20230103_64,7.702,13281
N057.P06,20230626_34,7.678,12259
N057.P06,20230103_43,7.727,11998
N057.P06,20230111_18,7.7,11760
N057.P06,20230103_06,7.697,9809
N057.P06,20230103_56,7.726,8830
N057.P06,20240318_10,10.89,8401
N057.P06,20220712_35,7.69,7916
N057.P06,20230103_63,7.65,6919
N057.P06,20230103_60,7.698,5784
N057.P06,20230103_16,7.717,5292
N057.P06,20240318_85,10.91,4730
N057.P06,20240318_40,10.945,4251
N057.P06,20240318_55,10.875,4151
N057.P06,20220718_10,7.643,4051
N057.P06,20240318_89,11.06,3816
N057.P06,20240318_23,10.867,2907
N057.P06,20230626_27,7.719,2632
N057.P06,20240318_33,10.933,2127
N057.P06,20240318_95,10.993,1684
N057.P07,20220712_15,7.602,314011
N057.P07,20220712_34,7.529,275047
N057.P07,20220711_08,7.573,242158
N057.P07,20220711_07,7.525,235565
N057.P07,20220712_16,7.599,183771
N057.P07,20241014_15,10.911,165350
N057.P07,20241014_21,10.9,159762
N057.P07,20230111_15,7.583,151000
N057.P07,20230103_09,7.653,150018
N057.P07,20220718_31,7.534,146809
N057.P07,20220711_09,7.533,145072
N057.P07,20230103_33,7.634,143699
N057.P07,20220712_24,7.531,133398
N057.P07,20230103_20,7.627,121354
N057.P07,20220718_48,7.6,114999
N057.P07,20220718_10,7.545,92629
N057.P07,20230103_19,7.686,84604
N057.P07,20230904_50,7.51,75623
N057.P07,20220718_32,7.545,75321
N057.P07,20220712_29,7.517,67720
N057.P07,20220712_05,7.556,60703
N057.P07,20230904_46,7.508,56881
N057.P07,20230626_15,7.5,54347
N057.P07,20220718_12,7.553,50807
N057.P07,20230904_42,7.51,27909
N057.P07,20241007_10,10.817,22709
N057.P07,20230626_32,7.542,22526
N057.P07,20230103_50,7.674,20016
N057.P07,20220718_20,7.57,19348
N057.P07,20230904_40,7.511,18065
N057.P07,20240318_10,10.863,16970
N057.P07,20240318_22,10.934,15165
N057.P07,20240318_71,10.778,12947
N057.P07,20230103_26,7.578,12899
N057.P07,20230103_63,7.63,12688
N057.P07,20240318_85,10.816,12651
N057.P07,20241014_27,10.843,12486
N057.P07,20230626_21,7.681,12404
N057.P07,20220718_62,7.59,12062
N057.P07,20230904_30,7.537,11863
N057.P07,20230626_34,7.53,11862
N057.P07,20230626_38,7.528,11043
N057.P07,20230626_37,7.629,10318
N057.P07,20230626_18,7.568,8754
N057.P07,20230626_13,7.607,8507
N057.P07,20241007_20,10.841,6119
N057.P07,20220712_18,7.54,5897
N057.P07,20240318_24,10.936,5696
N057.P07,20240318_75,10.919,5391
N057.P07,20241007_43,10.96,5348
N057.P07,20241007_16,10.863,3817
N057.P07,20240318_30,10.79,2393
N057.P10,20220711_07,8.567,150315
N057.P10,20220711_08,8.603,102480
N057.P10,20220712_15,8.62,77995
N057.P10,20220712_34,8.572,65128
N057.P10,20230904_46,8.539,63034
N057.P10,20230626_15,8.539,59810
N057.P10,20230111_15,8.601,55782
N057.P10,20230904_50,8.545,45729
N057.P10,20230103_33,8.642,42652
N057.P10,20230904_42,8.54,37558
N057.P10,20220712_16,8.629,35936
N057.P10,20241014_21,12.069,28535
N057.P10,20230904_40,8.548,22684
N057.P10,20230626_32,8.572,22400
N057.P10,20230626_34,8.562,14851
N057.P10,20241014_15,12.07,13719
N057.P10,20230626_37,8.562,12358
N057.P10,20230904_16,8.567,10467
N057.P10,20230626_38,8.561,8245
N057.P10,20230103_26,8.601,7684
N057.P10,20230904_30,8.559,6633
N057.P10,20241007_26,11.887,2055
N057.P10,20240318_95,11.881,0
N058.P02,20230626_09,5.752,1377843
N058.P02,20230904_33,5.74,390357
N058.P02,20230103_06,5.744,77512
N058.P02,20230904_40,5.732,61088
N058.P02,20241007_35,9.104,49166
N058.P02,20230626_13,5.717,40922
N058.P02,20220712_05,5.704,38463
N058.P02,20240318_30,9.088,35858
N058.P02,20220712_11,5.697,29560
N058.P02,20241007_68,9.112,27218
N058.P02,20230103_50,5.742,21582
N058.P02,20230904_42,5.743,21462
N058.P02,20241007_63,9.122,21137
N058.P02,20240318_43,9.069,9708
N058.P02,20240318_24,9.083,8760
N058.P02,20231212_16,8.973,5382
N058.P02,20231212_10,9.114,4009
N058.P02,20220711_06,5.674,3734
N059.P06,20220712_06,9.184,672312
N059.P06,20220718_41,9.244,424453
N059.P06,20220718_31,9.1,364425
N059.P06,20230103_11,9.231,323591
N059.P06,20220718_10,9.104,291294
N059.P06,20220711_08,9.14,263386
N059.P06,20220718_32,9.103,261186
N059.P06,20230103_09,9.177,252889
N059.P06,20240318_32,12.61,240633
N059.P06,20220712_11,9.117,204486
N059.P06,20220718_51,9.098,203154
N059.P06,20230111_16,9.279,192216
N059.P06,20220711_09,9.109,188470
N059.P06,20230103_29,9.228,161906
N059.P06,20220718_35,9.253,154809
N059.P06,20220712_09,9.153,150859
N059.P06,20230111_15,9.153,145497
N059.P06,20220718_48,9.151,137608
N059.P06,20220711_07,9.118,135984
N059.P06,20220712_16,9.181,128715
N059.P06,20230103_35,9.257,123480
N059.P06,20230103_30,9.224,114458
N059.P06,20230111_06,9.286,111269
N059.P06,20230103_48,9.2,106820
N059.P06,20230111_19,9.294,98848
N059.P06,20230103_19,9.195,96694
N059.P06,20240318_85,12.451,90084
N059.P06,20220718_12,9.115,89941
N059.P06,20230626_15,9.12,85859
N059.P06,20230103_40,9.246,81836
N059.P06,20240318_86,12.513,75693
N059.P06,20220711_06,9.208,75450
N059.P06,20230103_06,9.22,70930
N059.P06,20240318_30,12.421,68292
N059.P06,20230103_65,9.168,66883
N059.P06,20230103_74,9.198,65686
N059.P06,20230626_20,9.153,64920
N059.P06,20220718_50,9.267,62463
N059.P06,20220711_04,9.28,60597
N059.P06,20230103_64,9.233,60193
N059.P06,20230103_33,9.17,57947
N059.P06,20240318_19,12.451,55963
N059.P06,20231212_46,12.566,47568
N059.P06,20230103_63,9.171,47534
N059.P06,20220712_05,9.263,42318
N059.P06,20230103_10,9.21,41638
N059.P06,20230626_16,9.213,40139
N059.P06,20230103_68,9.242,38155
N059.P06,20230626_13,9.177,36681
N059.P06,20230103_20,9.197,35118
N059.P06,20230111_04,9.238,30431
N059.P06,20230111_22,9.286,27589
N059.P06,20230103_16,9.281,26647
N059.P06,20220718_20,9.263,22459
N059.P06,20230111_08,9.255,21943
N059.P06,20230111_18,9.22,20944
N059.P06,20230626_37,9.29,18542
N059.P06,20230904_46,9.283,17104
N059.P06,20230626_11,9.227,16016
N059.P06,20230904_40,9.264,14649
N059.P06,20240318_40,12.527,8946
N059.P06,20230103_56,9.277,6929
N059.P06,20240318_95,12.573,4603
N059.P06,20240318_43,12.517,2567
N059.P06,20240318_23,12.54,1379
N070.P03,20230103_53,8.895,7712
N070.P03,20230103_07,8.93,6069
N070.P03,20230103_30,8.92,4652
N070.P03,20220711_08,8.91,4307
N070.P03,20230111_24,8.965,3849
N070.P03,20230103_19,8.966,3766
N070.P03,20241007_26,12.342,3669
N070.P03,20231212_16,12.393,3519
N070.P03,20220718_35,8.923,3446
N070.P03,20220718_61,8.928,3416
N070.P03,20241014_27,12.296,3353
N070.P03,20220711_04,8.965,2914
N070.P03,20230626_32,8.998,2092
N070.P03,20220712_11,8.963,1917
N070.P03,20220712_05,8.96,1557
N070.P03,20240318_22,12.293,1374
N070.P03,20230103_71,8.924,1221
N070.P03,20230626_05,8.97,1055
N070.P03,20230111_08,8.957,0
N073.P01,20240318_32,9.242,318939
N073.P01,20230626_24,5.896,29239
N073.P01,20220718_62,5.953,26770
N073.P01,20220718_10,5.953,24357
N073.P01,20220718_12,6.047,15897
N073.P01,20220712_24,5.979,14481
N073.P01,20230111_09,5.985,13420
N073.P01,20231212_16,9.177,7382
N073.P01,20220711_10,5.907,2751
N074.P02,20230103_06,7.326,697732
N074.P02,20230103_60,7.33,337524
N074.P02,20230111_20,7.343,125489
N074.P02,20230111_09,7.332,64894
N074.P02,20230103_50,7.331,35685
N074.P02,20230111_31,7.34,17282
N074.P02,20220712_05,7.413,5377
N074.P02,20240318_74,10.8,2798
N093.P02,20230626_09,9.144,648987
N093.P02,20230111_30,9.166,200161
N093.P02,20230904_51,9.131,95892
N093.P02,20230904_33,9.131,82584
N093.P02,20230103_60,9.143,57232
N093.P02,20230626_20,9.141,45729
N093.P02,20220718_04,9.185,39983
N093.P02,20230111_04,9.159,28938
N093.P02,20230103_30,9.158,28271
N093.P02,20230103_53,9.142,25848
N093.P02,20220712_35,9.178,24754
N093.P02,20220718_55,9.168,17725
N093.P02,20230103_35,9.16,17250
N093.P02,20220711_04,9.169,15586
N093.P02,20230111_18,9.161,12555
N093.P02,20230103_11,9.127,12491
N093.P02,20220711_10,9.164,11575
N093.P02,20220718_50,9.171,11469
N093.P02,20230111_08,9.15,10396
N093.P02,20230103_16,9.135,9044
N093.P02,20230103_68,9.144,8140
N093.P02,20230626_18,9.14,7248
N093.P02,20240318_23,12.595,6858
N093.P02,20230103_71,9.146,6456
N093.P02,20230103_06,9.134,6287
N093.P02,20220718_20,9.179,4830
N093.P02,20230626_16,9.133,4773
N093.P02,20230904_06,9.125,4073
N093.P02,20220718_51,9.168,3999
N093.P02,20230904_42,9.133,3883
N093.P02,20230103_57,9.138,3868
N093.P02,20220712_05,9.111,3818
N093.P02,20230626_37,9.148,3789
N093.P02,20220718_12,9.119,3588
N093.P02,20230111_20,9.161,3228
N093.P02,20230904_12,9.133,3214
N093.P02,20230111_27,9.075,2699
N093.P02,20230103_07,9.117,2557
N093.P02,20230904_28,9.137,2249
N093.P02,20230111_31,9.155,2165
N093.P02,20230904_21,9.132,2086
N093.P02,20220712_34,9.112,1951
N093.P02,20230111_09,9.155,1936
N093.P02,20230111_13,9.163,1900
N093.P02,20230626_34,9.144,1637
N093.P02,20220718_31,9.17,1556
N093.P02,20220712_16,9.07,1531
N093.P02,20240318_75,12.589,1502
N093.P02,20230111_07,9.161,1072
N093.P02,20230103_33,9.073,0
N093.P02,20230103_38,9.15,0
N093.P02,20230103_48,9.116,0
N093.P02,20230904_09,9.13,0
N093.P02,20241007_10,12.466,0
N093.P02,20241007_43,12.51,0
N094.P04,20231212_12,12.526,228486
N094.P04,20220712_34,9.248,183798
N094.P04,20220711_07,9.253,177270
N094.P04,20220712_24,9.262,165634
N094.P04,20220718_62,9.236,155745
N094.P04,20220711_08,9.256,117329
N094.P04,20231212_29,12.517,109556
N094.P04,20220718_04,9.333,87410
N094.P04,20220712_06,9.26,76129
N094.P04,20230103_20,9.291,65726
N094.P04,20220712_16,9.298,65121
N094.P04,20220711_06,9.3,64213
N094.P04,20220718_35,9.322,61326
N094.P04,20220718_05,9.354,60833
N094.P04,20220712_05,9.268,60655
N094.P04,20240318_10,12.424,60084
N094.P04,20220711_10,9.303,59736
N094.P04,20220712_21,9.253,59501
N094.P04,20220718_12,9.231,55790
N094.P04,20241007_20,12.407,55479
N094.P04,20220712_29,9.333,52747
N094.P04,20230111_15,9.304,49397
N094.P04,20220718_31,9.266,48703
N094.P04,20220711_09,9.27,48446
N094.P04,20220712_09,9.284,47438
N094.P04,20220718_51,9.277,42220
N094.P04,20220718_41,9.369,41889
N094.P04,20220718_20,9.257,40068
N094.P04,20231212_46,12.38,39647
N094.P04,20220718_48,9.299,37875
N094.P04,20230626_20,9.285,37460
N094.P04,20220712_11,9.3,34221
N094.P04,20220718_10,9.26,34146
N094.P04,20220718_32,9.26,32590
N094.P04,20230103_53,9.309,31927
N094.P04,20230103_35,9.348,30531
N094.P04,20230904_42,9.362,28446
N094.P04,20230626_13,9.294,28184
N094.P04,20220711_04,9.336,25502
N094.P04,20230626_11,9.283,25347
N094.P04,20230103_19,9.313,23045
N094.P04,20230103_40,9.361,22574
N094.P04,20230103_46,9.266,21734
N094.P04,20230103_09,9.303,21253
N094.P04,20230103_74,9.257,21035
N094.P04,20230904_46,9.367,20776
N094.P04,20230103_63,9.268,20172
N094.P04,20230103_60,9.372,19970
N094.P04,20240318_55,12.403,18736
N094.P04,20220718_55,9.33,18477
N094.P04,20230103_29,9.258,18362
N094.P04,20231212_44,12.391,18190
N094.P04,20231212_20,12.487,18038
N094.P04,20230103_48,9.325,17736
N094.P04,20230626_15,9.307,15923
N094.P04,20230103_33,9.333,15553
N094.P04,20230103_68,9.25,13675
N094.P04,20230103_65,9.249,13403
N094.P04,20230904_33,9.343,12282
N094.P04,20240318_85,12.397,11056
N094.P04,20220718_50,9.287,9629
N094.P04,20230626_21,9.343,7238
N094.P04,20240318_05,12.414,3986
N094.P04,20230111_29,9.357,3390
N094.P04,20230111_07,9.347,1693
N108.P01,20220712_15,7.19,1000988
N108.P01,20220718_51,7.179,555774
N108.P01,20220712_29,7.267,520787
N108.P01,20220712_29,7.206,518178
N108.P01,20220718_35,7.239,336135
N108.P01,20220711_09,7.193,232328
N108.P01,20220712_18,7.217,200053
N108.P01,20230626_32,7.204,178244
N108.P01,20241014_21,10.487,140919
N108.P01,20241007_10,10.552,119807
N108.P01,20230904_33,7.21,117284
N108.P01,20230103_07,7.213,105364
N108.P01,20230904_46,7.211,101584
N108.P01,20230103_11,7.24,92739
N108.P01,20220712_24,7.214,92592
N108.P01,20230111_04,7.12,89488
N108.P01,20220718_55,7.242,79215
N108.P01,20220718_62,7.207,78641
N108.P01,20220711_10,7.297,77413
N108.P01,20241007_68,10.569,60314
N108.P01,20220718_04,7.242,55139
N108.P01,20220718_41,7.238,50474
N108.P01,20230103_11,7.193,48385
N108.P01,20230904_40,7.233,43193
N108.P01,20220718_32,7.222,42300
N108.P01,20240318_32,10.477,33127
N108.P01,20231212_04,10.407,22589
N108.P01,20240318_75,10.517,18786
N108.P01,20230904_21,7.283,18349
N108.P01,20230626_37,7.24,17685
N108.P01,20230626_15,7.203,17679
N108.P01,20230111_09,7.073,16033
N108.P01,20230111_19,7.143,14513
N108.P01,20230626_18,7.263,14465
N108.P01,20240318_33,10.541,13452
N108.P01,20230626_13,7.231,13029
N108.P01,20231212_12,10.468,12542
N108.P01,20230103_10,7.237,12112
N108.P01,20230103_30,7.167,12010
N108.P01,20231212_16,10.441,11189
N108.P01,20230103_35,7.26,10042
N108.P01,20240318_86,10.516,8778
N108.P01,20240318_10,10.53,8391
N108.P01,20230103_10,7.228,8102
N108.P01,20230111_29,7.077,8090
N108.P01,20230103_13,7.202,7159
N108.P01,20230626_09,7.243,7151
N108.P01,20231212_10,10.64,6788
N108.P01,20230904_39,7.073,6446
N108.P01,20240318_05,10.471,6146
N108.P01,20240318_19,10.517,6034
N108.P01,20230111_20,7.077,4925
N108.P01,20240318_95,10.518,4648
N108.P01,20230103_43,7.067,4301
N108.P01,20241007_63,10.403,4110
N108.P01,20240318_95,10.443,3073
N108.P01,20240318_22,10.557,2819
N108.P01,20240318_82,10.513,2305
N108.P01,20240318_19,10.553,2289
N108.P01,20240318_23,10.611,0
Q054.P01,20231212_22,12.759,60295
Q054.P01,20230904_33,9.479,12405
Q054.P01,20230103_38,9.507,8023
Q054.P01,20220711_10,9.519,7126
Q054.P01,20230103_33,9.503,6671
Q054.P01,20220718_32,9.522,5964
Q054.P01,20220718_48,9.519,5372
Q054.P01,20220718_41,9.526,5208
Q054.P01,20220712_34,9.509,4900
Q054.P01,20230103_30,9.506,4546
Q054.P01,20220712_35,9.513,4348
Q054.P01,20230103_35,9.501,4141
Q054.P01,20230111_27,9.513,3859
Q054.P01,20230103_65,9.493,3743
Q054.P01,20220712_15,9.507,3643
Q054.P01,20230103_26,9.514,3111
Q054.P01,20230111_24,9.516,2989
Q054.P01,20230111_06,9.511,2882
Q054.P01,20230103_63,9.422,2852
Q054.P01,20230111_13,9.39,2848
Q054.P01,20230626_05,9.453,2722
Q054.P01,20230111_18,9.434,2334
Q054.P01,20230626_11,9.492,2214
Q054.P01,20230103_57,9.441,1867
Q054.P01,20230103_53,9.507,1666
Q054.P01,20230626_32,9.51,1583
Q054.P01,20230904_22,9.462,1313
Q054.P01,20230111_30,9.46,1038
Q057.P09,20230626_09,10.673,283145
Q057.P09,20230904_33,10.613,241304
Q057.P09,20220712_09,10.692,64335
Q057.P09,20230103_20,10.677,46365
Q057.P09,20220712_15,10.697,42372
Q057.P09,20220712_11,10.687,33922
Q057.P09,20220712_24,10.694,27599
Q057.P09,20220711_09,10.693,22987
Q057.P09,20220718_10,10.707,22645
Q057.P09,20220712_05,10.696,21941
Q057.P09,20220711_07,10.689,21689
Q057.P09,20220718_48,10.698,19424
Q057.P09,20230626_11,10.67,18639
Q057.P09,20240318_85,14.39,17272
Q057.P09,20230626_13,10.676,14531
Q057.P09,20241007_26,14.342,12071
Q057.P09,20230103_26,10.692,9423
Q057.P09,20230111_22,10.709,7158
Q057.P09,20230111_09,10.757,6151
Q057.P09,20240318_22,14.394,5263
Q057.P09,20231212_10,14.503,4606
Q057.P09,20241007_35,14.455,4125
Q057.P09,20230111_30,10.755,2721
Q057.P09,20240318_05,14.413,1511
Q059.P01,20231212_12,13.51,202815
Q059.P01,20220712_16,10.059,33610
Q059.P01,20220718_35,10.074,33328
Q059.P01,20230103_29,10.039,30689
Q059.P01,20220711_08,10.05,29656
Q059.P01,20220711_10,10.113,28679
Q059.P01,20220711_06,10.084,25289
Q059.P01,20230103_10,10.004,24284
Q059.P01,20230904_50,10.07,18792
Q059.P01,20230103_40,10.021,17647
Q059.P01,20231212_22,13.491,16990
Q059.P01,20230103_50,10.02,13140
Q059.P01,20240318_74,13.45,12964
Q059.P01,20230103_68,10.077,9587
Q059.P01,20230626_11,10.03,8863
Q059.P01,20230904_12,10.123,8623
Q059.P01,20230626_37,10.109,7805
Q059.P01,20240318_10,13.457,7469
Q059.P01,20241007_46,13.466,7404
Q059.P01,20230103_56,10.017,7286
Q059.P01,20230904_22,10.123,6785
Q059.P01,20230626_24,10.109,6671
Q059.P01,20220712_35,10.067,6607
Q059.P01,20241007_35,13.428,6494
Q059.P01,20230904_21,10.124,6454
Q059.P01,20240318_43,13.388,5757
Q059.P01,20230626_27,10.117,5701
Q059.P01,20240318_19,13.4,5172
Q059.P01,20230626_21,10.123,4902
Q059.P01,20241007_20,13.438,4685
Q059.P01,20230904_09,10.123,3388
Q059.P01,20240318_23,13.423,3107
Q059.P01,20230626_18,10.123,3079
Q059.P01,20230904_28,10.122,2996
Q059.P01,20231212_46,13.497,2469
Q059.P01,20230626_13,10.07,2136
Q069.P02,20231212_22,14.786,34038
Q069.P02,20230103_09,11.366,6161
Q069.P02,20231212_44,14.91,5042
Q069.P02,20220712_05,11.28,4814
Q069.P02,20230111_22,11.411,4021
Q069.P02,20220712_09,11.303,3845
Q069.P02,20230103_35,11.41,3303
Q069.P02,20230103_33,11.327,3137
Q069.P02,20230103_19,11.377,3119
Q069.P02,20230103_43,11.408,2968
Q069.P02,20230904_44,11.45,2161
Q069.P02,20241007_26,14.856,1561
Q069.P02,20240318_95,14.808,1102
Q069.P02,20240318_61,14.873,0
Q070.P04,20241007_20,15.609,5050
Q070.P04,20230904_04,12.167,4336
Q070.P04,20230904_22,12.11,2163
Q081.P01,20230626_09,9.437,235960
Q081.P01,20230904_33,9.435,95822
Q081.P01,20231212_12,12.943,21923
Q081.P01,20230103_13,9.43,11583
Q081.P01,20230904_42,9.445,11043
Q081.P01,20230103_26,9.517,10173
Q081.P01,20220712_15,9.463,10021
Q081.P01,20220712_29,9.478,9968
Q081.P01,20220712_05,9.46,9577
Q081.P01,20230103_20,9.439,8802
Q081.P01,20220712_21,9.473,8568
Q081.P01,20230111_16,9.453,8418
Q081.P01,20230103_48,9.451,8186
Q081.P01,20230103_74,9.437,8113
Q081.P01,20230111_27,9.46,8071
Q081.P01,20230103_07,9.434,8012
Q081.P01,20220718_51,9.472,7906
Q081.P01,20230111_12,9.448,7862
Q081.P01,20220712_18,9.476,7852
Q081.P01,20220711_08,9.467,7812
Q081.P01,20220711_06,9.471,7790
Q081.P01,20230111_24,9.467,7637
Q081.P01,20220712_24,9.47,7455
Q081.P01,20220711_07,9.469,7395
Q081.P01,20220712_06,9.47,7329
Q081.P01,20230111_11,9.455,7241
Q081.P01,20220711_04,9.475,7107
Q081.P01,20230111_04,9.462,6990
Q081.P01,20220718_31,9.464,6903
Q081.P01,20230103_30,9.459,6732
Q081.P01,20230111_15,9.456,6596
Q081.P01,20230111_20,9.471,6587
Q081.P01,20230103_40,9.459,6542
Q081.P01,20220711_10,9.467,6455
Q081.P01,20230904_30,9.483,6426
Q081.P01,20220712_16,9.476,6353
Q081.P01,20230103_09,9.429,6352
Q081.P01,20220718_04,9.494,6258
Q081.P01,20220718_50,9.472,6257
Q081.P01,20230111_30,9.547,6226
Q081.P01,20220712_09,9.469,6218
Q081.P01,20230103_11,9.431,6129
Q081.P01,20230111_06,9.455,6061
Q081.P01,20220718_41,9.472,5956
Q081.P01,20220718_62,9.466,5935
Q081.P01,20230103_23,9.449,5928
Q081.P01,20220718_35,9.473,5912
Q081.P01,20220718_05,9.49,5676
Q081.P01,20220712_11,9.467,5656
Q081.P01,20230103_06,9.431,5622
Q081.P01,20220718_55,9.472,5504
Q081.P01,20230626_18,9.452,5467
Q081.P01,20220718_20,9.477,5444
Q081.P01,20230103_56,9.437,5428
Q081.P01,20230111_19,9.461,5428
Q081.P01,20230103_38,9.465,5369
Q081.P01,20230103_33,9.451,5029
Q081.P01,20230103_10,9.432,4997
Q081.P01,20230103_64,9.443,4897
Q081.P01,20220718_10,9.481,4879
Q081.P01,20230103_71,9.45,4770
Q081.P01,20230103_60,9.45,4726
Q081.P01,20220711_09,9.469,4582
Q081.P01,20220712_35,9.467,4560
Q081.P01,20230103_63,9.439,4532
Q081.P01,20230103_46,9.45,4523
Q081.P01,20230904_22,9.458,4500
Q081.P01,20230904_04,9.455,4489
Q081.P01,20230111_09,9.459,4447
Q081.P01,20230904_46,9.448,4407
Q081.P01,20230103_29,9.457,4398
Q081.P01,20230626_16,9.443,4284
Q081.P01,20220718_48,9.468,4224
Q081.P01,20230103_53,9.439,4136
Q081.P01,20220718_12,9.478,4075
Q081.P01,20230111_13,9.454,4014
Q081.P01,20230904_50,9.438,3891
Q081.P01,20230111_18,9.457,3864
Q081.P01,20230904_06,9.45,3843
Q081.P01,20230626_21,9.448,3814
Q081.P01,20230626_24,9.484,3593
Q081.P01,20230626_15,9.444,3471
Q081.P01,20230904_28,9.451,3396
Q081.P01,20230103_65,9.44,3315
Q081.P01,20230103_35,9.547,3299
Q081.P01,20230111_07,9.465,3299
Q081.P01,20230904_39,9.472,3095
Q081.P01,20230904_40,9.447,2882
Q081.P01,20230904_12,9.447,2729
Q081.P01,20230626_20,9.448,2727
Q081.P01,20230904_51,9.451,2671
Q081.P01,20220718_61,9.453,2457
Q081.P01,20230626_05,9.464,2448
Q081.P01,20230626_29,9.464,2390
Q081.P01,20230626_11,9.445,2387
Q081.P01,20230626_34,9.46,2335
Q081.P01,20230904_16,9.46,2268
Q081.P01,20230626_32,9.463,2042
Q081.P01,20230111_08,9.458,2030
Q081.P01,20230103_16,9.441,1966
Q081.P01,20230103_19,9.547,1909
Q081.P01,20230103_50,9.457,1892
Q081.P01,20230626_27,9.456,1866
Q081.P01,20230626_13,9.437,1817
Q081.P01,20230626_37,9.462,1563
Q081.P01,20230103_57,9.462,1465
Q081.P01,20230111_29,9.477,1342
Q081.P01,20230111_22,9.473,1176
Q081.P01,20230103_68,9.453,1070
Q081.P01,20230626_22,9.387,0
Q081.P01,20230626_38,9.465,0
Q081.P01,20230904_09,9.451,0
Q081.P01,20240318_10,12.924,0
Q081.P01,20240318_22,12.9,0
Q081.P01,20240318_33,12.912,0
Q085.P01,20220711_09,10.237,57967
Q085.P01,20220712_09,10.257,53740
Q085.P01,20220712_11,10.244,50694
Q085.P01,20230626_16,10.269,48002
Q085.P01,20220712_16,10.268,45366
Q085.P01,20230111_15,10.25,44937
Q085.P01,20220711_08,10.252,42939
Q085.P01,20220711_07,10.247,42550
Q085.P01,20220712_21,10.234,41801
Q085.P01,20230103_53,10.303,40290
Q085.P01,20220718_20,10.245,39791
Q085.P01,20220712_24,10.245,39168
Q085.P01,20220712_15,10.253,38238
Q085.P01,20230103_09,10.27,36088
Q085.P01,20220718_12,10.256,34502
Q085.P01,20220711_06,10.316,34413
Q085.P01,20230103_20,10.252,34320
Q085.P01,20220718_51,10.234,32657
Q085.P01,20220712_05,10.235,32467
Q085.P01,20220718_10,10.26,31911
Q085.P01,20220718_31,10.234,29295
Q085.P01,20220718_32,10.251,28408
Q085.P01,20220718_62,10.233,28184
Q085.P01,20230103_11,10.314,22950
Q085.P01,20230103_33,10.267,22567
Q085.P01,20230626_11,10.248,13988
Q085.P01,20230626_34,10.299,12149
Q085.P01,20230904_30,10.297,6862
Q085.P01,20240318_55,13.65,5756
Q085.P01,20240318_10,13.662,5442
Q085.P01,20240318_61,13.65,5022
Q085.P01,20240318_89,13.647,4697
Q085.P01,20230626_15,10.234,4270
Q085.P01,20240318_85,13.64,3585
Q085.P01,20241007_46,13.732,3195
Q097.P03,20220712_06,11.33,28527
Q097.P03,20220712_34,11.257,20423
Q097.P03,20220712_15,11.31,15098
Q097.P03,20220718_35,11.362,14422
Q097.P03,20220718_20,11.287,14387
Q097.P03,20220718_10,11.29,13190
Q097.P03,20220712_21,11.281,12603
Q097.P03,20220718_05,11.38,10469
Q097.P03,20220711_10,11.364,9395
Q097.P03,20220718_32,11.299,8704
Q097.P03,20220712_18,11.381,8285
Q097.P03,20220712_05,11.282,7477
Q097.P03,20220712_16,11.315,7022
Q097.P03,20220718_04,11.377,6333
Q097.P03,20230103_63,11.313,4795
Q097.P03,20220712_35,11.307,4755
Q097.P03,20220712_24,11.277,4592
Q097.P03,20241007_26,14.866,4407
Q097.P03,20240318_75,14.749,3938
Q097.P03,20220711_06,11.384,3041
Q097.P03,20240318_55,14.801,2983
Q097.P03,20240318_82,14.763,1814
Q097.P03,20230626_15,11.343,1301
Q097.P03,20230111_22,11.395,1017
Q097.P03,20230103_06,11.363,0
Q097.P03,20231212_46,14.867,0
Q097.P03,20241007_10,14.827,0
Q099.P01,20220718_32,10.063,12078
Q099.P01,20220718_62,10.043,10912
Q099.P01,20241007_26,13.65,8886
Q099.P01,20240318_40,13.624,4578
Q099.P01,20241007_43,13.654,3767
Q105.P04,20241007_68,14.624,226367
Q105.P04,20230626_24,10.933,125888
Q105.P04,20230626_29,10.923,55066
Q105.P04,20230103_57,10.957,12775
Q108.P04,20231212_12,14.557,70738
Q108.P04,20241014_21,14.432,57061
Q108.P04,20240318_89,14.459,50114
Q108.P04,20231212_22,14.554,46561
Q108.P04,20241014_27,14.43,41425
Q108.P04,20240318_10,14.467,37966
Q108.P04,20231212_44,14.507,35006
Q108.P04,20230103_07,10.801,34832
Q108.P04,20231212_34,14.534,34735
Q108.P04,20240318_85,14.451,34692
Q108.P04,20231212_46,14.504,33382
Q108.P04,20241007_26,14.503,33189
Q108.P04,20230904_42,10.805,29688
Q108.P04,20230904_50,10.812,28532
Q108.P04,20240318_55,14.451,27269
Q108.P04,20231212_10,14.545,24741
Q108.P04,20230626_09,10.814,24670
Q108.P04,20231212_04,14.529,23755
Q108.P04,20240318_40,14.46,23579
Q108.P04,20230626_11,10.812,23563
Q108.P04,20230904_33,10.805,23099
Q108.P04,20240318_32,14.467,22935
Q108.P04,20241007_10,14.49,22905
Q108.P04,20230626_21,10.815,22877
Q108.P04,20240318_74,14.448,22194
Q108.P04,20231212_13,14.533,21425
Q108.P04,20240318_30,14.443,21157
Q108.P04,20230904_40,10.806,20850
Q108.P04,20241007_20,14.501,20624
Q108.P04,20240318_20,14.456,20233
Q108.P04,20230626_34,10.822,20078
Q108.P04,20240318_71,14.446,20028
Q108.P04,20230904_44,10.827,19420
Q108.P04,20230626_24,10.848,19227
Q108.P04,20240318_24,14.453,18984
Q108.P04,20241007_46,14.525,18486
Q108.P04,20230111_07,10.832,17995
Q108.P04,20241007_16,14.495,17980
Q108.P04,20230626_29,10.834,17759
Q108.P04,20230626_37,10.821,16575
Q108.P04,20240318_22,14.447,16548
Q108.P04,20240318_23,14.451,16417
Q108.P04,20230626_32,10.829,16039
Q108.P04,20241007_43,14.515,15854
Q108.P04,20240318_75,14.444,15453
Q108.P04,20230626_38,10.823,15379
Q108.P04,20230626_05,10.821,15050
Q108.P04,20230626_27,10.839,14466
Q108.P04,20230904_30,10.822,13562
Q108.P04,20240318_05,14.465,13489
Q108.P04,20230103_60,10.818,11865
Q108.P04,20241007_35,14.5,11119
Q108.P04,20241007_68,14.522,10971
Q108.P04,20241007_63,14.526,8464
Q108.P04,20240318_61,14.454,5836
Q108.P04,20230626_18,10.86,0
Q113.P02,20241014_27,14.421,51474
Q113.P02,20220712_06,11.073,11266
Q113.P02,20220712_24,11.047,9296
Q113.P02,20220711_08,11.06,9199
Q113.P02,20220712_21,11.046,9157
Q113.P02,20230111_12,11.153,5550
Q113.P02,20220718_10,11.066,4878
Q113.P02,20230103_33,11.065,4581
Q113.P02,20230103_46,11.141,3650
Q113.P02,20230626_27,11.172,3450
Q113.P02,20230626_29,11.083,1108
Q120.P01,20220712_06,11.591,13291
Q120.P01,20220718_62,11.6,9492
Q120.P01,20230103_09,11.568,7027
Q120.P01,20231212_04,15.087,3333
Q120.P01,20230111_20,11.593,2395
Q120.P01,20230626_13,11.573,2015
Q122.P02,20220712_33,10.306,57959
Q122.P02,20240318_89,13.936,51659
Q122.P02,20231212_16,14.039,37519
Q122.P02,20231212_29,14.029,29939
Q122.P02,20231212_22,14.038,28590
Q122.P02,20231212_44,13.989,27419
Q122.P02,20240318_10,13.942,26094
Q122.P02,20220712_05,10.29,25035
Q122.P02,20230111_13,10.273,23764
Q122.P02,20231212_34,14.021,23067
Q122.P02,20240318_85,13.927,22437
Q122.P02,20231212_10,14.035,22420
Q122.P02,20230111_04,10.279,21957
Q122.P02,20240318_71,13.936,21810
Q122.P02,20231212_46,13.987,21520
Q122.P02,20240318_86,13.924,20334
Q122.P02,20230103_64,10.276,19102
Q122.P02,20240318_82,13.928,18638
Q122.P02,20240318_74,13.922,17656
Q122.P02,20240318_43,13.937,17414
Q122.P02,20230626_29,10.28,15630
Q122.P02,20240318_33,13.944,15505
Q122.P02,20230626_15,10.26,14683
Q122.P02,20230626_34,10.268,14615
Q122.P02,20240318_20,13.942,13171
Q122.P02,20240318_23,13.943,13084
Q122.P02,20240318_95,13.949,12976
Q122.P02,20230626_21,10.267,12954
Q122.P02,20230626_11,10.267,12860
Q122.P02,20230626_37,10.27,12834
Q122.P02,20230111_09,10.283,12176
Q122.P02,20230626_24,10.294,12115
Q122.P02,20230626_20,10.26,11911
Q122.P02,20230111_26,10.282,11546
Q122.P02,20230103_29,10.286,11497
Q122.P02,20230626_38,10.274,11064
Q122.P02,20230111_07,10.28,10865
Q122.P02,20230626_18,10.27,10233
Q122.P02,20230103_16,10.261,9883
Q122.P02,20230626_05,10.279,8935
Q122.P02,20240318_32,13.946,7837
Q122.P02,20241007_63,14.011,3735
Q122.P02,20240318_30,13.88,0
Q125.P01,20220718_32,9.849,5560
Q125.P01,20230103_48,9.888,5429
Q125.P01,20220711_06,9.899,5197
Q125.P01,20230103_23,9.897,4626
Q125.P01,20230626_15,9.833,4277
Q125.P01,20220718_04,9.93,2545
Q125.P01,20230111_13,9.932,2376
Q125.P01,20230103_09,9.86,2194
Q125.P01,20230111_11,9.925,1824
Q125.P01,20220712_15,9.91,1767
Q125.P01,20220718_51,9.863,1672
Q125.P01,20220718_12,9.917,1612
Q125.P01,20240318_24,13.343,1414
Q125.P01,20220718_50,9.85,1380
Q125.P01,20240318_85,13.328,1226
Q125.P01,20230103_33,9.907,0
Q125.P01,20230103_60,9.899,0
Q125.P01,20230626_16,9.937,0
Q125.P01,20240318_10,13.313,0
Q125.P01,20240318_22,13.324,0
Q125.P01,20240318_43,13.347,0
Q125.P01,20240318_82,13.233,0
Q128.P02,20230111_13,9.394,17804
Q128.P02,20230103_20,9.47,6071
Q128.P02,20230103_26,9.508,5969
Q128.P02,20230111_27,9.506,3538
Q128.P02,20230103_35,9.496,2684
Q128.P02,20230111_19,9.492,2649
Q128.P02,20220712_16,9.483,1968
Q128.P02,20230103_57,9.483,1865
Q128.P02,20220718_05,9.529,1711
Q128.P02,20231212_13,12.873,1326
Q128.P02,20230904_22,9.49,1068
Q128.P02,20220718_10,9.486,0
Q128.P02,20230103_23,9.497,0
Q128.P02,20230904_04,9.457,0
R042.P02,20220712_33,14.7,86333
R042.P02,20240318_10,18.353,4727
R042.P02,20240318_75,18.347,4070
R042.P02,20240318_71,18.352,3708
R042.P02,20240318_40,18.343,2178
R042.P02,20240318_20,18.347,2046
R042.P02,20240318_19,18.359,2023
R056.P03,20240318_32,17.441,369992
R056.P03,20231212_04,17.52,6443
R056.P03,20230111_16,13.881,5335
R056.P03,20230904_50,13.929,4490
R056.P03,20240318_30,17.407,4116
R056.P03,20240318_71,17.418,4014
R056.P03,20240318_23,17.414,3741
R056.P03,20241007_16,17.471,3065
R056.P03,20241007_46,17.493,2205
R056.P03,20220718_32,13.873,1857
R056.P03,20240318_43,17.411,1683
R056.P03,20230904_04,13.913,0
R085.P01,20230626_09,12.687,104592
R085.P01,20220711_08,12.729,56418
R085.P01,20220712_16,12.731,53210
R085.P01,20220711_07,12.728,50627
R085.P01,20220718_20,12.71,49941
R085.P01,20220712_11,12.72,48208
R085.P01,20220711_09,12.72,48137
R085.P01,20230103_11,12.723,47248
R085.P01,20230103_20,12.705,43480
R085.P01,20220712_18,12.775,43418
R085.P01,20220712_06,12.729,43342
R085.P01,20230111_16,12.762,42010
R085.P01,20230103_48,12.725,42005
R085.P01,20220712_29,12.787,41242
R085.P01,20220712_21,12.715,40843
R085.P01,20230626_15,12.702,40061
R085.P01,20220712_24,12.725,38646
R085.P01,20220711_10,12.761,38600
R085.P01,20220712_09,12.733,38479
R085.P01,20230103_13,12.741,38260
R085.P01,20220718_62,12.715,37968
R085.P01,20220712_15,12.726,37595
R085.P01,20220711_06,12.751,36701
R085.P01,20230103_53,12.733,36198
R085.P01,20220718_35,12.768,35728
R085.P01,20230111_11,12.768,35598
R085.P01,20230626_16,12.729,35212
R085.P01,20230103_07,12.783,34514
R085.P01,20220718_10,12.731,34178
R085.P01,20220718_05,12.79,34173
R085.P01,20220711_04,12.784,33873
R085.P01,20220712_05,12.715,32874
R085.P01,20230111_15,12.717,32345
R085.P01,20220718_12,12.725,31626
R085.P01,20220718_41,12.755,31605
R085.P01,20230103_33,12.726,31065
R085.P01,20220712_34,12.688,30149
R085.P01,20230103_19,12.724,28951
R085.P01,20230103_23,12.784,28943
R085.P01,20220718_04,12.779,28564
R085.P01,20220718_31,12.722,28507
R085.P01,20220718_32,12.728,28494
R085.P01,20230103_09,12.708,27050
R085.P01,20220718_48,12.739,27046
R085.P01,20230111_27,12.793,26373
R085.P01,20230111_18,12.749,24618
R085.P01,20230103_50,12.723,24311
R085.P01,20230111_06,12.772,23834
R085.P01,20230103_63,12.717,22911
R085.P01,20230626_13,12.729,22655
R085.P01,20230904_33,12.677,22554
R085.P01,20230103_06,12.724,22017
R085.P01,20230103_10,12.709,21000
R085.P01,20230904_46,12.736,20804
R085.P01,20230626_11,12.723,20459
R085.P01,20230103_46,12.761,20068
R085.P01,20230111_19,12.774,19718
R085.P01,20230103_56,12.724,19370
R085.P01,20230103_29,12.747,18091
R085.P01,20230111_12,12.753,17517
R085.P01,20230111_04,12.746,16965
R085.P01,20230103_65,12.712,16631
R085.P01,20230626_21,12.747,16208
R085.P01,20230904_50,12.744,15800
R085.P01,20230904_42,12.732,15203
R085.P01,20220718_50,12.741,15057
R085.P01,20230103_40,12.749,13775
R085.P01,20230103_30,12.74,13288
R085.P01,20230904_04,12.783,12867
R085.P01,20230904_40,12.742,12676
R085.P01,20230111_22,12.765,11957
R085.P01,20230103_35,12.753,11338
R085.P01,20230904_21,12.77,11308
R085.P01,20230103_43,12.785,11192
R085.P01,20220718_55,12.807,10135
R085.P01,20230103_26,12.749,9857
R085.P01,20230103_74,12.733,9452
R085.P01,20230626_18,12.81,9184
R085.P01,20230103_64,12.728,9165
R085.P01,20230626_32,12.793,9111
R085.P01,20230626_38,12.797,8528
R085.P01,20230626_37,12.771,8444
R085.P01,20230103_68,12.727,8441
R085.P01,20230111_24,12.807,8286
R085.P01,20230111_26,12.78,7838
R085.P01,20230103_57,12.781,7826
R085.P01,20230111_09,12.788,7753
R085.P01,20230904_30,12.797,6999
R085.P01,20240318_55,16.201,6710
R085.P01,20230904_16,12.795,5439
R085.P01,20230626_05,12.801,5325
R085.P01,20230111_13,12.817,4127
R085.P01,20240318_20,16.208,4093
R085.P01,20230904_06,12.793,3656
R085.P01,20230111_31,12.817,3486
R085.P01,20241007_10,16.238,3273
R085.P01,20230111_29,12.817,2976
R085.P01,20230626_34,12.82,2335
R085.P01,20240318_05,16.219,2117
R085.P01,20230904_51,12.797,2072
R085.P01,20231212_13,16.286,1815
R085.P01,20241007_16,16.171,1738
R085.P01,20241007_68,16.258,1463
R085.P01,20231212_34,16.287,1036
R095.P02,20241007_16,17.619,4474
R095.P02,20230904_44,14.154,2016
R095.P02,20230103_71,14.137,1017
R099.P01,20220718_41,13.332,24936
R099.P01,20220718_31,13.27,19452
R099.P01,20220718_32,13.325,15655
R099.P01,20220718_12,13.313,15364
R099.P01,20241014_27,16.923,14019
R099.P01,20220712_18,13.331,13532
R099.P01,20220712_06,13.274,11978
R099.P01,20220718_20,13.27,9216
R099.P01,20220718_10,13.297,9131
R099.P01,20231212_10,16.894,6982
R099.P01,20220712_15,13.323,6834
R099.P01,20220718_62,13.313,6659
R099.P01,20220712_05,13.39,5583
R099.P01,20230626_15,13.398,4770
R099.P01,20230103_11,13.373,4724
R099.P01,20230103_13,13.368,4548
R099.P01,20220712_11,13.33,4259
R099.P01,20230103_09,13.37,3951
R099.P01,20220718_48,13.373,3532
R099.P01,20240318_85,16.907,3471
R099.P01,20230103_19,13.383,3265
R099.P01,20241007_68,16.893,2073
R099.P01,20240318_75,16.903,1870
R099.P01,20240318_23,16.896,1816
R099.P01,20240318_19,16.917,1415
R099.P01,20240318_74,16.923,1295
R099.P01,20240318_24,16.81,0
R129.P03,20230904_44,14.327,7159
R129.P03,20230103_29,14.327,7091
R129.P03,20230904_39,14.321,6103
R129.P03,20230626_34,14.337,3919
R129.P03,20240318_55,17.887,3861
R129.P03,20230626_22,14.361,0
R131.P04,20241007_20,18.01,162700
R131.P04,20240318_32,17.955,152732
R131.P04,20241007_16,18.004,130184
R131.P04,20240318_61,17.958,69121
R131.P04,20241007_35,18.022,19777
R131.P04,20231212_16,17.983,10394
R131.P04,20230626_34,14,5079
R131.P04,20230904_39,14.177,4029
R131.P04,20220712_35,14.183,2476
S043.P03,20241014_21,20.784,39371
S043.P03,20241007_20,20.923,16571
S043.P03,20230904_21,16.944,4521
S043.P03,20230904_22,16.941,3844
S043.P03,20240318_43,20.873,3113
S043.P03,20240318_24,20.83,2564
S043.P03,20230626_38,16.946,1947
S072.P01,20230904_28,16.708,7439
S072.P01,20230103_60,16.623,5545
S072.P01,20241007_35,20.531,5020
S072.P01,20230626_37,16.674,4909
S072.P01,20241014_15,20.537,1740
S072.P01,20230904_40,16.703,1425
S084.P01,20220712_18,16.211,58872
S084.P01,20220718_55,16.213,34606
S084.P01,20230626_09,16.19,33679
S084.P01,20220712_24,16.216,30922
S084.P01,20220711_07,16.212,29092
S084.P01,20230904_40,16.176,28614
S084.P01,20230904_04,16.186,27349
S084.P01,20220712_34,16.205,25780
S084.P01,20230111_04,16.198,25099
S084.P01,20220711_04,16.211,23343
S084.P01,20220711_09,16.205,22001
S084.P01,20230904_39,16.186,21120
S084.P01,20230103_35,16.201,20859
S084.P01,20230111_31,16.209,20857
S084.P01,20220718_50,16.217,20317
S084.P01,20230103_07,16.174,20154
S084.P01,20220712_15,16.21,19884
S084.P01,20230904_51,16.189,19174
S084.P01,20220718_32,16.222,18570
S084.P01,20220718_61,16.21,18248
S084.P01,20220718_05,16.233,15166
S084.P01,20230103_16,16.183,14996
S084.P01,20230904_16,16.189,14697
S084.P01,20220718_04,16.233,14426
S084.P01,20230111_26,16.21,14262
S084.P01,20230111_12,16.196,13926
S084.P01,20230111_13,16.2,13896
S084.P01,20220712_11,16.209,13848
S084.P01,20220718_41,16.211,13627
S084.P01,20220712_29,16.214,13593
S084.P01,20230904_22,16.19,13360
S084.P01,20230111_15,16.202,13002
S084.P01,20230103_65,16.188,12596
S084.P01,20220712_16,16.214,12187
S084.P01,20230103_57,16.188,12104
S084.P01,20220712_06,16.208,12032
S084.P01,20230111_11,16.197,12018
S084.P01,20230111_20,16.205,11805
S084.P01,20220718_62,16.208,11452
S084.P01,20220711_06,16.217,11396
S084.P01,20230103_30,16.198,11162
S084.P01,20230103_26,16.194,10464
S084.P01,20230904_46,16.18,10245
S084.P01,20230626_38,16.185,9953
S084.P01,20220712_09,16.205,9935
S084.P01,20230103_53,16.184,9272
S084.P01,20220712_05,16.214,9179
S084.P01,20230626_20,16.181,9154
S084.P01,20230111_29,16.212,9000
S084.P01,20230103_56,16.186,8634
S084.P01,20230103_46,16.19,8167
S084.P01,20220712_35,16.213,7893
S084.P01,20230103_74,16.192,7471
S084.P01,20230111_16,16.203,7411
S084.P01,20230904_06,16.182,7208
S084.P01,20230111_06,16.202,6649
S084.P01,20230904_44,16.203,6559
S084.P01,20230103_68,16.181,6463
S084.P01,20230904_28,16.202,6330
S084.P01,20230626_15,16.177,6170
S084.P01,20230103_50,16.188,6124
S084.P01,20230103_19,16.179,5909
S084.P01,20220718_10,16.23,5739
S084.P01,20230103_71,16.197,5587
S084.P01,20230103_64,16.189,5528
S084.P01,20230626_37,16.201,5445
S084.P01,20230904_42,16.182,5353
S084.P01,20230103_29,16.198,4824
S084.P01,20220712_21,16.221,4628
S084.P01,20230626_05,16.202,4559
S084.P01,20230103_23,16.19,4208
S084.P01,20230111_07,16.207,3702
S084.P01,20230103_06,16.179,3677
S084.P01,20220718_51,16.22,3481
S084.P01,20230111_08,16.197,2947
S084.P01,20230626_13,16.182,2654
S084.P01,20230626_24,16.212,2630
S084.P01,20230626_16,16.185,2180
S084.P01,20240318_23,19.877,1621
S084.P01,20230103_33,16.2,1495
S084.P01,20230111_22,16.274,1153
S084.P01,20240318_30,19.871,1050
S084.P01,20231212_46,19.777,0
S084.P01,20241007_10,19.917,0
S091.P02,20220712_33,18.427,76792
S091.P02,20231212_22,22.21,17353
S091.P02,20220712_06,18.513,14711
S091.P02,20220718_05,18.528,11800
S091.P02,20220718_62,18.458,10520
S091.P02,20220718_35,18.485,8668
S091.P02,20220718_32,18.457,8486
S091.P02,20220718_48,18.48,7440
S091.P02,20220718_61,18.54,6599
S091.P02,20230111_11,18.507,6502
S091.P02,20230103_13,18.47,4811
S091.P02,20240318_85,22.101,4431
S091.P02,20241007_26,22.154,4124
S091.P02,20241007_63,22.157,3974
S091.P02,20231212_16,22.104,3534
S091.P02,20230103_53,18.51,3358
S091.P02,20220712_15,18.497,2946
S091.P02,20240318_19,22.098,2088
S091.P02,20231212_34,22.2,2031
S091.P02,20230111_07,18.442,1245
S091.P02,20240318_40,22.166,1187
S095.P01,20230626_20,18.146,13536
S095.P01,20231212_12,21.903,12033
S095.P01,20230626_37,18.218,10998
S095.P01,20230904_50,18.197,10640
S095.P01,20230904_51,18.222,8452
S095.P01,20230103_11,18.144,8376
S095.P01,20230904_04,18.24,8061
S095.P01,20230103_56,18.143,6520
S095.P01,20230103_19,18.151,6054
S095.P01,20230626_27,18.173,5570
S095.P01,20230103_30,18.166,5023
S095.P01,20230111_29,18.233,4471
S095.P01,20230904_22,18.23,4335
S095.P01,20230103_06,18.178,3861
S095.P01,20230103_71,18.19,3646
S095.P01,20230111_04,18.196,3088
S095.P01,20220712_29,18.207,2911
S095.P01,20230904_33,18.257,2827
S095.P01,20230103_57,18.178,2079
S095.P01,20220718_50,18.177,1247
S095.P01,20230103_50,18.133,0
S095.P01,20230111_09,18.24,0
S095.P01,20230111_20,18.24,0
S095.P01,20241007_43,21.95,0
S099.P01,20220718_12,17.02,58686
S099.P01,20220718_10,17.025,52555
S099.P01,20220712_06,17.044,43540
S099.P01,20220718_20,17.021,40197
S099.P01,20220712_21,17.017,38381
S099.P01,20220712_11,17.011,38288
S099.P01,20220718_31,17.028,37355
S099.P01,20220712_05,17.013,35668
S099.P01,20220711_09,17.014,35454
S099.P01,20240318_71,20.757,34429
S099.P01,20220712_24,17.025,32487
S099.P01,20240318_89,20.775,30099
S099.P01,20220718_32,17.027,28476
S099.P01,20220718_62,17.021,24110
S099.P01,20230103_60,17.06,20794
S099.P01,20220712_09,17.047,19690
S099.P01,20220718_41,17.126,19482
S099.P01,20240318_30,20.767,16785
S099.P01,20220712_34,17.021,16284
S099.P01,20230111_31,17.103,13950
S099.P01,20230103_48,17.07,11862
S099.P01,20230111_08,17.08,11474
S099.P01,20230103_30,17.055,11407
S099.P01,20230103_20,17.029,10611
S099.P01,20220711_06,17.059,10117
S099.P01,20220718_35,17.11,10021
S099.P01,20220718_04,17.1,9941
S099.P01,20230103_29,17.057,9804
S099.P01,20230626_20,17.044,9465
S099.P01,20220718_61,17.059,8968
S099.P01,20230103_40,17.069,8056
S099.P01,20230103_10,17.035,7983
S099.P01,20230103_53,17.041,7580
S099.P01,20230103_13,17.069,7528
S099.P01,20230103_35,17.089,7258
S099.P01,20230103_65,17.054,7251
S099.P01,20220718_55,17.11,7028
S099.P01,20220711_08,17.043,6501
S099.P01,20230111_26,17.109,5949
S099.P01,20230111_12,17.066,5826
S099.P01,20230103_74,17.056,5766
S099.P01,20220711_10,17.07,5157
S099.P01,20230626_09,17.133,5025
S099.P01,20220712_29,17.087,3227
S099.P01,20230103_68,17.053,2524
S099.P01,20240318_82,20.803,1426
S099.P01,20240318_33,20.747,0
S100.P01,20240318_32,19.372,286357
S100.P01,20220712_15,15.787,13651
S100.P01,20220718_48,15.798,12922
S100.P01,20220712_11,15.785,11083
S100.P01,20220712_24,15.788,10629
S100.P01,20220718_31,15.795,10258
S100.P01,20220712_16,15.799,10196
S100.P01,20220712_06,15.788,9619
S100.P01,20220718_62,15.783,8309
S100.P01,20220712_34,15.761,7663
S100.P01,20230103_19,15.789,7617
S100.P01,20230103_53,15.779,6888
S100.P01,20230103_33,15.79,6571
S100.P01,20220718_61,15.806,6251
S100.P01,20230626_15,15.781,5658
S100.P01,20241014_21,19.443,5099
S100.P01,20220712_05,15.788,4999
S100.P01,20230626_16,15.808,4454
S100.P01,20220718_12,15.798,4128
S100.P01,20220718_05,15.837,4092
S100.P01,20230111_15,15.787,3713
S100.P01,20220718_32,15.81,3552
S100.P01,20230111_19,15.817,3446
S100.P01,20220711_10,15.807,3182
S100.P01,20230111_12,15.833,3129
S100.P01,20220711_09,15.787,3114
S100.P01,20230103_48,15.788,3015
S100.P01,20230626_11,15.823,2560
S100.P01,20220712_18,15.817,2214
S100.P01,20230103_13,15.789,2208
S100.P01,20220718_41,15.833,2166
S100.P01,20220712_21,15.803,1962
S100.P01,20220718_20,15.807,1837
S100.P01,20230111_06,15.848,1732
S100.P01,20230103_10,15.789,1421
S100.P01,20220718_04,15.847,1413
S100.P01,20230103_30,15.793,1202
S100.P01,20230103_26,15.822,1029
S100.P01,20220711_04,15.82,0
S100.P01,20230103_57,15.872,0
S100.P01,20230103_63,15.787,0
S100.P01,20230103_64,15.824,0
S100.P01,20230103_65,15.847,0
S100.P01,20230111_18,15.834,0
S100.P01,20230111_24,15.863,0
S100.P01,20230626_24,15.875,0
S100.P01,20230904_46,15.844,0
S100.P01,20240318_43,19.46,0
S100.P01,20240318_75,19.459,0
S105.P04,20220712_15,17.923,41341
S105.P04,20220712_06,17.914,41019
S105.P04,20220712_16,17.899,35457
S105.P04,20220712_29,17.929,34594
S105.P04,20230103_53,17.87,29117
S105.P04,20220718_35,17.923,27732
S105.P04,20220718_61,17.894,25297
S105.P04,20220711_10,17.906,24187
S105.P04,20230111_12,17.897,23658
S105.P04,20230103_23,17.901,21085
S105.P04,20230103_48,17.896,21055
S105.P04,20240318_89,21.835,21038
S105.P04,20220711_04,17.934,20513
S105.P04,20220718_12,17.906,19357
S105.P04,20230111_19,17.918,18687
S105.P04,20220712_21,17.898,18210
S105.P04,20220711_08,17.903,17989
S105.P04,20230103_30,17.902,17984
S105.P04,20240318_23,21.847,16705
S105.P04,20220712_18,17.89,16679
S105.P04,20220718_51,17.893,16635
S105.P04,20230111_11,17.908,16379
S105.P04,20220718_41,17.921,16241
S105.P04,20220711_07,17.903,16123
S105.P04,20220718_50,17.917,15724
S105.P04,20220718_20,17.904,15639
S105.P04,20230103_74,17.903,14878
S105.P04,20220712_34,17.91,14672
S105.P04,20220712_09,17.893,14644
S105.P04,20230626_15,17.887,14409
S105.P04,20230111_18,17.92,14294
S105.P04,20220712_05,17.9,13941
S105.P04,20231212_04,21.674,13734
S105.P04,20220718_55,17.89,13202
S105.P04,20220718_05,17.942,13178
S105.P04,20220711_09,17.893,12907
S105.P04,20220712_11,17.892,12878
S105.P04,20230103_38,17.897,12644
S105.P04,20230111_06,17.913,12503
S105.P04,20230111_27,17.887,11647
S105.P04,20230103_11,17.887,11450
S105.P04,20230103_60,17.909,11385
S105.P04,20230111_26,17.917,11345
S105.P04,20230111_15,17.91,11304
S105.P04,20230103_65,17.895,11279
S105.P04,20231212_12,21.656,11193
S105.P04,20230111_04,17.925,10983
S105.P04,20220711_06,17.897,10706
S105.P04,20230103_64,17.908,10645
S105.P04,20220718_62,17.89,10557
S105.P04,20220718_32,17.898,10536
S105.P04,20230626_18,17.911,10276
S105.P04,20220718_10,17.908,9576
S105.P04,20230103_50,17.898,9454
S105.P04,20230103_46,17.907,9004
S105.P04,20230103_09,17.85,8989
S105.P04,20230111_13,17.92,8934
S105.P04,20230626_20,17.901,8575
S105.P04,20220712_35,17.887,8572
S105.P04,20220718_50,17.923,8108
S105.P04,20230103_56,17.893,7831
S105.P04,20240318_40,21.849,7742
S105.P04,20220712_24,17.92,7646
S105.P04,20230103_13,17.89,7334
S105.P04,20230904_06,17.87,7252
S105.P04,20230626_13,17.897,7028
S105.P04,20230103_33,17.92,7017
S105.P04,20230103_16,17.911,6734
S105.P04,20220718_04,17.932,6683
S105.P04,20230111_16,17.88,6590
S105.P04,20230626_11,17.887,6238
S105.P04,20230103_07,17.857,6162
S105.P04,20230904_40,17.939,6007
S105.P04,20230626_13,17.987,5852
S105.P04,20241007_16,21.702,5700
S105.P04,20230111_07,17.963,5649
S105.P04,20230111_08,17.893,5489
S105.P04,20230111_22,17.91,5480
S105.P04,20230626_05,17.954,4961
S105.P04,20230626_16,17.867,4931
S105.P04,20220718_31,17.937,4920
S105.P04,20240318_22,21.585,4755
S105.P04,20230103_26,17.899,4754
S105.P04,20230103_19,17.9,4485
S105.P04,20240318_82,21.561,4443
S105.P04,20230103_29,17.89,4336
S105.P04,20230103_57,17.9,4231
S105.P04,20230103_35,17.927,4066
S105.P04,20241007_20,21.673,4050
S105.P04,20231212_20,21.65,3634
S105.P04,20240318_05,21.595,3208
S105.P04,20230103_71,17.904,3130
S105.P04,20230111_09,17.933,2736
S105.P04,20230626_09,17.934,2276
S105.P04,20230111_31,17.944,2063
S105.P04,20230626_34,17.98,1550
S105.P04,20231212_22,21.67,1202
S105.P04,20241007_63,21.649,0
S113.P01,20220712_06,15.85,108151
S113.P01,20220718_41,15.866,91268
S113.P01,20220718_05,15.884,80254
S113.P01,20220712_15,15.852,79819
S113.P01,20220712_09,15.851,79608
S113.P01,20220712_24,15.856,78714
S113.P01,20220718_31,15.854,77256
S113.P01,20220711_08,15.853,74717
S113.P01,20220712_29,15.877,72482
S113.P01,20220718_55,15.877,68173
S113.P01,20220712_18,15.874,66542
S113.P01,20220718_62,15.848,64984
S113.P01,20220712_11,15.85,62245
S113.P01,20220711_07,15.852,59187
S113.P01,20220712_05,15.849,58808
S113.P01,20220718_48,15.857,58165
S113.P01,20220718_10,15.865,57594
S113.P01,20220718_04,15.885,57118
S113.P01,20230103_11,15.829,56916
S113.P01,20230111_12,15.857,56694
S113.P01,20230103_13,15.832,55722
S113.P01,20220712_21,15.855,55513
S113.P01,20230111_16,15.863,55479
S113.P01,20220718_35,15.869,55345
S113.P01,20230111_27,15.873,55099
S113.P01,20220711_10,15.862,54040
S113.P01,20220711_04,15.873,53722
S113.P01,20220711_09,15.849,52381
S113.P01,20230111_13,15.878,51928
S113.P01,20220718_61,15.865,51279
S113.P01,20230103_38,15.865,51124
S113.P01,20230111_24,15.877,50670
S113.P01,20220712_16,15.857,50513
S113.P01,20230103_23,15.86,50416
S113.P01,20230103_09,15.819,50360
S113.P01,20220712_34,15.841,50326
S113.P01,20220718_32,15.858,49543
S113.P01,20230103_19,15.834,49307
S113.P01,20220711_06,15.869,49224
S113.P01,20230111_11,15.858,48514
S113.P01,20230103_20,15.827,48318
S113.P01,20230103_48,15.842,47159
S113.P01,20230111_15,15.84,45752
S113.P01,20220718_20,15.86,45237
S113.P01,20230626_16,15.836,45224
S113.P01,20230103_35,15.86,43841
S113.P01,20230103_07,15.845,43828
S113.P01,20230111_06,15.864,42368
S113.P01,20220718_51,15.852,41964
S113.P01,20230626_15,15.827,41828
S113.P01,20230103_33,15.841,41701
S113.P01,20230111_19,15.871,41686
S113.P01,20231212_13,19.869,40722
S113.P01,20220718_12,15.86,39596
S113.P01,20230103_53,15.835,38962
S113.P01,20230103_10,15.82,34504
S113.P01,20230103_30,15.85,33107
S113.P01,20240318_85,19.733,32277
S113.P01,20230103_06,15.829,32207
S113.P01,20230103_65,15.839,31953
S113.P01,20230103_29,15.849,31157
S113.P01,20230103_46,15.85,30519
S113.P01,20240318_10,19.758,29134
S113.P01,20230626_11,15.831,28722
S113.P01,20230103_74,15.843,28385
S113.P01,20230904_42,15.827,28168
S113.P01,20220718_50,15.858,27893
S113.P01,20230103_56,15.833,27204
S113.P01,20230904_46,15.834,26777
S113.P01,20231212_04,19.848,25720
S113.P01,20230111_18,15.846,25694
S113.P01,20231212_44,19.811,25446
S113.P01,20230103_68,15.84,24271
S113.P01,20230103_63,15.829,24222
S113.P01,20230103_40,15.854,22871
S113.P01,20230111_04,15.863,22552
S113.P01,20230626_18,15.872,22224
S113.P01,20230626_13,15.837,22052
S113.P01,20231212_20,19.84,21534
S113.P01,20240318_86,19.742,20726
S113.P01,20231212_46,19.789,20081
S113.P01,20230626_34,15.85,19756
S113.P01,20230904_06,15.85,19487
S113.P01,20240318_82,19.728,18861
S113.P01,20230626_21,15.845,18069
S113.P01,20240318_33,19.76,18056
S113.P01,20230111_31,15.873,17574
S113.P01,20230111_08,15.848,16613
S113.P01,20240318_24,19.76,15275
S113.P01,20240318_74,19.753,15052
S113.P01,20241007_10,19.788,14739
S113.P01,20220712_35,15.84,14730
S113.P01,20230103_26,15.847,14552
S113.P01,20230111_22,15.86,13895
S113.P01,20230111_09,15.859,13174
S113.P01,20230103_57,15.859,13159
S113.P01,20230904_22,15.873,11762
S113.P01,20240318_23,19.75,11574
S113.P01,20240318_71,19.748,11398
S113.P01,20230626_05,15.874,11204
S113.P01,20240318_22,19.749,10456
S113.P01,20230904_30,15.857,9765
S113.P01,20231212_16,19.847,8516
S113.P01,20241007_43,19.823,7783
S113.P01,20240318_89,19.751,7667
S113.P01,20230111_30,15.871,7307
S113.P01,20241007_16,19.807,6991
S113.P01,20230103_60,15.834,6725
S113.P01,20230904_44,15.819,6169
S113.P01,20231212_22,19.815,5810
S113.P01,20230626_29,15.829,3861
S113.P01,20241007_63,19.825,3005
S113.P01,20241007_68,19.815,2671
S113.P01,20231212_10,19.823,2334
S113.P01,20241007_20,19.806,2086
S113.P01,20230626_24,15.81,1990
S113.P01,20230111_20,15.78,0
S114.P02,20220712_06,18.177,27310
S114.P02,20230111_12,18.181,18911
S114.P02,20230103_53,18.159,12100
S114.P02,20220711_06,18.203,11970
S114.P02,20230103_63,18.181,9095
S114.P02,20230111_22,18.225,6106
S114.P02,20230626_15,18.184,5840
S114.P02,20230111_19,18.193,4999
S114.P02,20220718_51,18.179,4735
S114.P02,20230111_27,18.22,4628
S114.P02,20241014_27,21.917,3470
S114.P02,20230626_11,18.223,1811
S114.P02,20240318_75,21.926,1504
S114.P02,20240318_71,21.944,1226
S114.P02,20230103_16,18.233,1131
S114.P02,20230103_71,18.253,0
S114.P02,20240318_20,21.953,0
S128.P01,20220712_09,17.537,79617
S128.P01,20220711_10,17.52,68292
S128.P01,20230103_29,17.483,33005
S128.P01,20230103_46,17.523,23539
S128.P01,20220718_48,17.525,16522
S128.P01,20230103_30,17.483,16278
S128.P01,20240318_61,21.212,12180
S128.P01,20230103_09,17.44,9903
S128.P01,20230103_20,17.533,9255
S128.P01,20230111_15,17.517,7287
S131.P01,20220712_18,16.207,31287
S131.P01,20230111_08,16.213,17589
S131.P01,20230111_22,16.222,15809
S131.P01,20230103_11,16.163,10917
S131.P01,20230626_15,16.197,10852
S131.P01,20230103_20,16.147,8846
S131.P01,20230111_09,16.256,7791
S131.P01,20230103_63,16.168,7298
S131.P01,20230904_40,16.256,6810
S131.P01,20230626_13,16.22,4973
S131.P01,20230103_19,16.193,4918
S131.P01,20220712_11,16.233,3680
S131.P01,20220718_32,16.28,3326
S131.P01,20230626_11,16.273,2269
S131.P01,20230103_74,16.247,2227
S131.P01,20230103_09,16.226,2088
S131.P01,20220718_51,16.237,1742
S131.P01,20240318_23,19.734,1062
S133.P01,20220712_15,16.117,1044748
S133.P01,20220712_06,16.114,953039
S133.P01,20231212_12,20.168,839508
S133.P01,20220711_08,16.12,803436
S133.P01,20220712_18,16.125,780614
S133.P01,20220712_29,16.128,776153
S133.P01,20220711_06,16.126,776011
S133.P01,20220711_07,16.121,762359
S133.P01,20220712_21,16.126,749665
S133.P01,20220712_16,16.125,747703
S133.P01,20220712_11,16.12,744065
S133.P01,20220711_10,16.123,725747
S133.P01,20220711_09,16.118,708971
S133.P01,20220718_48,16.123,695019
S133.P01,20220712_24,16.127,690561
S133.P01,20220711_04,16.128,688319
S133.P01,20220718_50,16.124,661141
S133.P01,20220718_35,16.128,639933
S133.P01,20220712_34,16.112,626584
S133.P01,20220718_55,16.128,614559
S133.P01,20220718_51,16.121,600773
S133.P01,20220718_61,16.121,599810
S133.P01,20220718_04,16.145,599361
S133.P01,20230103_06,16.088,599328
S133.P01,20220712_05,16.119,595097
S133.P01,20230103_07,16.091,580436
S133.P01,20230111_13,16.115,577523
S133.P01,20220718_12,16.132,575437
S133.P01,20220712_09,16.125,573984
S133.P01,20220718_62,16.12,566389
S133.P01,20230111_12,16.111,560332
S133.P01,20230111_19,16.121,556302
S133.P01,20220718_05,16.148,554155
S133.P01,20230103_10,16.087,534281
S133.P01,20230111_11,16.112,532458
S133.P01,20230111_27,16.123,527257
S133.P01,20230103_11,16.086,525923
S133.P01,20220718_31,16.128,520509
S133.P01,20220712_33,16.129,515193
S133.P01,20220718_41,16.129,510803
S133.P01,20230111_24,16.125,505059
S133.P01,20230111_06,16.119,502698
S133.P01,20230111_15,16.113,501853
S133.P01,20230111_18,16.12,500386
S133.P01,20230103_19,16.098,499899
S133.P01,20230103_09,16.087,496534
S133.P01,20220718_10,16.141,490442
S133.P01,20230103_46,16.108,487316
S133.P01,20230103_53,16.095,486085
S133.P01,20220718_32,16.129,485160
S133.P01,20230103_20,16.096,477678
S133.P01,20230103_23,16.105,464872
S133.P01,20230103_30,16.113,462229
S133.P01,20230103_35,16.114,459471
S133.P01,20230103_29,16.111,456872
S133.P01,20230103_40,16.115,453475
S133.P01,20220712_35,16.118,453102
S133.P01,20230103_48,16.104,444511
S133.P01,20230103_64,16.104,434652
S133.P01,20230103_33,16.113,434471
S133.P01,20230111_04,16.117,434335
S133.P01,20230103_65,16.102,433871
S133.P01,20230103_38,16.118,427419
S133.P01,20220718_20,16.131,424046
S133.P01,20230103_56,16.098,423138
S133.P01,20230111_16,16.119,422000
S133.P01,20230103_63,16.1,398488
S133.P01,20230103_68,16.104,391472
S133.P01,20230103_13,16.091,387487
S133.P01,20230103_74,16.106,385683
S133.P01,20230103_50,16.104,369792
S133.P01,20230904_42,16.119,318830
S133.P01,20240318_95,20.076,285882
S133.P01,20240318_40,20.063,279476
S133.P01,20230904_46,16.131,229077
S133.P01,20230111_29,16.147,213648
S133.P01,20230904_40,16.128,212809
S133.P01,20230111_26,16.14,208801
S133.P01,20230111_08,16.125,207974
S133.P01,20230103_26,16.125,197959
S133.P01,20230111_07,16.145,180518
S133.P01,20230111_22,16.134,179518
S133.P01,20230103_16,16.119,177968
S133.P01,20230111_31,16.151,170878
S133.P01,20230111_20,16.138,168274
S133.P01,20230103_57,16.126,165222
S133.P01,20230111_09,16.136,165202
S133.P01,20230111_30,16.155,146654
S133.P01,20230103_60,16.118,128534
S133.P01,20230904_21,16.153,115647
S133.P01,20230904_51,16.153,109092
S133.P01,20230103_71,16.134,88565
S133.P01,20230626_34,16.16,72739
S133.P01,20230904_30,16.171,65271
S133.P01,20230904_22,16.169,55518
S133.P01,20230904_28,16.194,33683
S133.P01,20230626_37,16.203,15062
S133.P01,20230111_31,16.606,4711
S133.P01,20240318_86,19.865,2005
S133.P01,20240318_74,19.874,1888
S136.P01,20220712_33,17.155,1202087
S136.P01,20220712_06,17.103,318616
S136.P01,20220712_18,17.113,287654
S136.P01,20220712_09,17.104,266190
S136.P01,20220711_09,17.098,250742
S136.P01,20220712_15,17.106,245366
S136.P01,20220718_31,17.108,245144
S136.P01,20220711_07,17.102,245055
S136.P01,20220712_11,17.1,239899
S136.P01,20220711_06,17.11,235764
S136.P01,20220711_08,17.102,233508
S136.P01,20220712_24,17.112,232565
S136.P01,20220718_61,17.109,218530
S136.P01,20220711_10,17.106,218255
S136.P01,20220712_29,17.118,217026
S136.P01,20220712_05,17.1,209932
S136.P01,20220718_48,17.11,207615
S136.P01,20220718_41,17.114,207199
S136.P01,20220712_16,17.109,202823
S136.P01,20220718_55,17.118,202434
S136.P01,20220718_35,17.114,201933
S136.P01,20220712_21,17.108,200915
S136.P01,20220718_05,17.131,199461
S136.P01,20220718_32,17.108,188274
S136.P01,20220718_62,17.105,187808
S136.P01,20230111_12,17.111,185671
S136.P01,20220711_04,17.115,185659
S136.P01,20220718_10,17.12,185513
S136.P01,20230111_27,17.118,185210
S136.P01,20230103_10,17.075,181853
S136.P01,20220718_12,17.118,174790
S136.P01,20220718_04,17.131,169572
S136.P01,20230103_20,17.087,166670
S136.P01,20230111_15,17.104,165758
S136.P01,20230111_24,17.125,165421
S136.P01,20230111_04,17.115,164909
S136.P01,20220718_50,17.109,163234
S136.P01,20230111_18,17.113,159341
S136.P01,20220718_51,17.108,159218
S136.P01,20230103_30,17.104,158976
S136.P01,20230103_35,17.108,151628
S136.P01,20230103_65,17.093,150780
S136.P01,20230103_23,17.102,148414
S136.P01,20220712_35,17.099,148178
S136.P01,20220718_20,17.115,145544
S136.P01,20220712_34,17.097,143784
S136.P01,20230103_48,17.099,143770
S136.P01,20230103_09,17.078,143575
S136.P01,20230103_64,17.099,142015
S136.P01,20230103_56,17.09,137747
S136.P01,20230103_11,17.082,137602
S136.P01,20230111_11,17.11,135184
S136.P01,20230103_33,17.104,134085
S136.P01,20230103_46,17.105,132576
S136.P01,20230103_19,17.096,131714
S136.P01,20230103_40,17.11,128094
S136.P01,20230111_13,17.123,125595
S136.P01,20230103_53,17.093,122892
S136.P01,20230103_63,17.093,118540
S136.P01,20230103_29,17.104,117827
S136.P01,20230103_13,17.087,109937
S136.P01,20230111_16,17.119,108469
S136.P01,20230103_68,17.104,107441
S136.P01,20230103_50,17.101,103360
S136.P01,20230103_07,17.096,102694
S136.P01,20230103_38,17.117,102583
S136.P01,20230111_06,17.129,101507
S136.P01,20230103_74,17.104,99212
S136.P01,20230103_06,17.1,96438
S136.P01,20230111_19,17.132,91459
S136.P01,20230626_15,17.096,83027
S136.P01,20230626_16,17.113,71716
S136.P01,20230626_11,17.124,43740
S136.P01,20230626_21,17.134,42460
S136.P01,20230111_31,17.171,31914
S136.P01,20230111_26,17.167,27789
S136.P01,20230626_13,17.129,27108
S136.P01,20230111_22,17.149,27002
S136.P01,20230626_20,17.129,26016
S136.P01,20230111_07,17.194,24431
S136.P01,20230111_08,17.152,22891
S136.P01,20230626_18,17.159,21778
S136.P01,20230626_05,17.193,14511
S136.P01,20230111_09,17.168,14221
S136.P01,20230111_30,17.181,12611
S136.P01,20230103_26,17.145,9949
S136.P01,20230626_09,17.172,5938
S136.P01,20230103_71,17.16,5658
S136.P01,20240318_30,20.807,0
S136.P01,20240318_86,20.839,0
S147.P03,20241007_43,23.153,133289
S147.P03,20220718_51,19.202,85753
S147.P03,20230103_20,19.177,81740
S147.P03,20220712_34,19.161,81006
S147.P03,20220718_61,19.204,56700
S147.P03,20230111_04,19.249,52333
S147.P03,20220718_35,19.21,50186
S147.P03,20220718_32,19.23,42409
S147.P03,20220718_20,19.223,34822
S147.P03,20230103_40,19.205,30382
S147.P03,20230103_13,19.205,29403
S147.P03,20230111_16,19.24,26127
S147.P03,20230111_06,19.269,26065
S147.P03,20220718_10,19.225,25901
S147.P03,20220718_41,19.227,23987
S147.P03,20230111_18,19.222,22324
S147.P03,20230103_50,19.209,21282
S147.P03,20220718_05,19.238,20818
S147.P03,20230103_29,19.201,19891
S147.P03,20230103_07,19.198,19792
S147.P03,20230103_74,19.214,18432
S147.P03,20230626_13,19.307,11512
S147.P03,20230103_19,19.31,10661
S147.P03,20230111_09,19.307,9750
S147.P03,20230111_22,19.287,9612
S147.P03,20240318_40,23.1,9424
S147.P03,20230111_26,19.306,9301
S147.P03,20220718_12,19.27,9144
S147.P03,20220712_33,19.272,8888
S147.P03,20230111_08,19.281,8533
S147.P03,20230111_20,19.299,8434
S147.P03,20230103_09,19.303,8394
S147.P03,20230103_10,19.243,7548
S147.P03,20220718_50,19.3,5673
S147.P03,20220712_21,19.307,4184
S147.P03,20231212_20,23.243,2595
S147.P03,20230626_15,19.313,2482
S150.P01,20220712_18,17.025,134594
S150.P01,20220718_41,17.026,127657
S150.P01,20220712_09,17.022,119538
S150.P01,20220711_06,17.029,113689
S150.P01,20220712_29,17.032,109484
S150.P01,20220712_15,17.019,107531
S150.P01,20220711_04,17.03,103929
S150.P01,20220718_35,17.033,103434
S150.P01,20220718_55,17.027,97279
S150.P01,20220711_10,17.023,96517
S150.P01,20220711_08,17.021,95939
S150.P01,20220718_31,17.027,94322
S150.P01,20230111_27,17.021,94160
S150.P01,20230111_12,17.012,92606
S150.P01,20230111_24,17.026,91197
S150.P01,20220718_61,17.026,90336
S150.P01,20220712_24,17.029,88851
S150.P01,20220711_07,17.021,88833
S150.P01,20220711_09,17.019,87605
S150.P01,20230111_04,17.02,87364
S150.P01,20230103_23,17.004,85047
S150.P01,20230103_30,17.014,84408
S150.P01,20220718_48,17.028,82508
S150.P01,20230103_65,17.004,82481
S150.P01,20230103_64,17.005,81580
S150.P01,20220718_04,17.048,81118
S150.P01,20220712_05,17.018,80510
S150.P01,20230103_35,17.019,80418
S150.P01,20230111_18,17.02,80057
S150.P01,20220712_11,17.017,79707
S150.P01,20230103_09,16.99,76581
S150.P01,20230103_40,17.014,73512
S150.P01,20220718_50,17.027,73010
S150.P01,20230103_56,17.002,72783
S150.P01,20220712_35,17.019,71283
S150.P01,20230103_20,16.995,70913
S150.P01,20230111_11,17.011,70512
S150.P01,20220712_16,17.026,69826
S150.P01,20230103_13,16.991,69354
S150.P01,20230103_46,17.009,67612
S150.P01,20230103_48,17.008,66220
S150.P01,20230103_19,17.001,65594
S150.P01,20230111_15,17.014,65126
S150.P01,20230111_06,17.023,60349
S150.P01,20230103_29,17.015,59934
S150.P01,20220712_34,17.016,57861
S150.P01,20230103_33,17.015,57384
S150.P01,20230103_50,17.007,56950
S150.P01,20230111_16,17.021,56741
S150.P01,20230103_68,17.008,56724
S150.P01,20220712_21,17.027,55063
S150.P01,20230103_06,16.993,54182
S150.P01,20240318_89,20.968,53648
S150.P01,20230103_38,17.019,53055
S150.P01,20230103_74,17.008,49168
S150.P01,20230904_33,17.017,49030
S150.P01,20231212_13,21.07,44319
S150.P01,20231212_22,21.069,43944
S150.P01,20230904_22,17.039,42941
S150.P01,20230103_07,16.991,42937
S150.P01,20230904_28,17.047,42347
S150.P01,20230626_21,17.014,41525
S150.P01,20230111_07,17.032,40376
S150.P01,20220718_51,17.026,37076
S150.P01,20230904_50,17.022,35838
S150.P01,20240318_85,20.963,34444
S150.P01,20230904_42,17.014,32938
S150.P01,20220718_20,17.032,31601
S150.P01,20230103_60,17.011,31565
S150.P01,20230111_30,17.042,31531
S150.P01,20240318_86,20.965,31463
S150.P01,20231212_10,21.066,31093
S150.P01,20230904_12,17.036,29979
S150.P01,20231212_44,21.028,29457
S150.P01,20240318_95,20.983,29200
S150.P01,20230111_26,17.031,29157
S150.P01,20230103_16,17.012,28404
S150.P01,20230626_16,17.007,28341
S150.P01,20231212_29,21.066,28181
S150.P01,20230626_11,17.013,28172
S150.P01,20230111_22,17.036,27367
S150.P01,20230111_20,17.031,27137
S150.P01,20230111_08,17.026,26905
S150.P01,20230626_15,17.003,26562
S150.P01,20230904_46,17.018,25945
S150.P01,20240318_74,20.967,25357
S150.P01,20230626_18,17.013,25103
S150.P01,20230904_39,17.042,24804
S150.P01,20231212_46,21.019,24500
S150.P01,20240318_10,20.983,24123
S150.P01,20230904_04,17.033,23543
S150.P01,20230904_51,17.025,23151
S150.P01,20230626_09,17.024,22300
S150.P01,20240318_33,20.973,22222
S150.P01,20230626_20,17.015,21710
S150.P01,20230626_05,17.035,21462
S150.P01,20240318_55,20.971,20415
S150.P01,20240318_82,20.952,18577
S150.P01,20230626_34,17.04,18340
S150.P01,20240318_20,20.969,17647
S150.P01,20240318_30,20.972,16823
S150.P01,20240318_71,20.962,15739
S150.P01,20240318_19,20.964,15141
S150.P01,20240318_32,20.967,13910
S150.P01,20231212_16,21.065,13587
S150.P01,20240318_61,20.982,11442
S150.P01,20240318_75,20.96,11375
S150.P01,20230626_32,17.044,11188
S150.P01,20230904_16,17.046,8960
S150.P01,20230626_37,17.036,8406
S150.P01,20230904_40,17.011,7653
S150.P01,20240318_43,20.97,6586
S150.P01,20230904_06,17.104,4202
S150.P01,20230904_21,17.09,3107
S150.P01,20230626_29,17.073,2596
S150.P01,20241014_21,20.927,1311
S150.P01,20230626_27,17.05,1014
S150.P01,20230111_31,17.107,0
S150.P01,20241007_63,21.043,0
S150.P01,20241007_68,21.039,0
T055.P04,20230103_20,24.59,6206
T055.P04,20230103_16,24.608,4091
T055.P04,20230626_18,24.61,3917
T055.P04,20231212_44,28.606,3318
T055.P04,20231212_16,28.643,2987
T055.P04,20220711_08,24.53,2894
T055.P04,20231212_34,28.633,2020
T055.P04,20240318_23,28.55,1754
T055.P04,20240318_82,28.54,1656
T055.P04,20230904_46,24.697,1625
T055.P04,20220712_05,24.633,1301
T055.P04,20240318_75,28.547,1008
T055.P04,20240318_24,28.718,0
T055.P04,20240318_89,28.532,0
T055.P04,20240318_95,28.567,0
T057.P13,20220718_61,30.42,5918
T057.P13,20231212_12,34.48,4760
T057.P13,20230103_13,30.377,4352
T057.P13,20230103_56,30.373,3505
T057.P13,20220718_31,30.41,3502
T057.P13,20230103_23,30.398,3074
T057.P13,20220712_09,30.419,2070
T057.P13,20230626_20,30.36,0
T057.P13,20240318_20,34.569,0
T057.P13,20240318_89,34.566,0
T057.P23,20230904_40,38.74,5183
T057.P23,20230626_38,38.782,4266
T057.P23,20230904_30,38.807,3747
T057.P23,20241014_27,42.848,2591
T057.P23,20230904_42,38.813,1276
T057.P25,20230111_04,39.977,19107
T057.P25,20230904_09,39.964,4324
T057.P25,20230904_33,40.044,3126
T057.P25,20230904_30,39.976,3036
T057.P25,20240318_74,44.004,0
T071.P01,20220718_35,23.085,127551
T071.P01,20230626_09,23.056,99700
T071.P01,20230626_13,23.053,91246
T071.P01,20220718_12,23.091,87282
T071.P01,20220718_20,23.088,84033
T071.P01,20231212_10,27.188,73242
T071.P01,20231212_22,27.203,72432
T071.P01,20231212_20,27.197,69933
T071.P01,20230626_11,23.052,66123
T071.P01,20231212_44,27.158,61329
T071.P01,20231212_12,27.202,57347
T071.P01,20231212_13,27.2,51476
T071.P01,20230904_09,23.072,47183
T071.P01,20231212_46,27.148,40734
T071.P01,20231212_29,27.193,40416
T071.P01,20230904_22,23.067,39270
T071.P01,20240318_24,27.102,37345
T071.P01,20231212_34,27.183,23522
T071.P01,20230626_34,23.093,22409
T071.P01,20240318_19,27.101,19393
T071.P01,20231212_16,27.198,18727
T071.P01,20230626_38,23.163,18256
T071.P01,20241007_63,27.173,15076
T071.P01,20230626_27,23.087,9079
T073.P04,20220712_09,29.597,15813
T073.P04,20230103_09,29.536,14447
T073.P04,20230111_31,29.593,9165
T073.P04,20230103_35,29.59,6630
T073.P04,20230111_26,29.594,6327
T073.P04,20230103_57,29.53,4362
T073.P04,20230904_33,29.577,3856
T073.P04,20230626_11,29.497,3298
T073.P04,20231212_44,33.444,2568
T073.P04,20240318_33,33.45,1741
T073.P04,20240318_43,33.457,0
T073.P04,20240318_55,33.401,0
T073.P04,20240318_82,33.403,0
T091.P08,20220712_21,25.182,54830
T091.P08,20220711_09,25.178,52286
T091.P08,20220711_07,25.181,51632
T091.P08,20220712_16,25.175,50460
T091.P08,20220712_18,25.178,48914
T091.P08,20220712_29,25.177,48900
T091.P08,20220712_24,25.183,48361
T091.P08,20220711_06,25.188,46374
T091.P08,20220711_10,25.173,45885
T091.P08,20220712_09,25.175,44095
T091.P08,20220712_06,25.173,41721
T091.P08,20220712_05,25.179,41537
T091.P08,20220718_48,25.176,40688
T091.P08,20220718_35,25.18,38914
T091.P08,20220711_04,25.187,38897
T091.P08,20220718_51,25.176,38789
T091.P08,20220718_50,25.184,38065
T091.P08,20220712_34,25.158,35139
T091.P08,20220718_10,25.192,33981
T091.P08,20220718_61,25.174,33763
T091.P08,20220718_32,25.182,33410
T091.P08,20220711_08,25.174,33131
T091.P08,20220718_62,25.168,32772
T091.P08,20230111_11,25.163,32326
T091.P08,20230111_12,25.164,31987
T091.P08,20220718_20,25.178,31581
T091.P08,20230626_15,25.159,31261
T091.P08,20230626_16,25.154,30846
T091.P08,20230103_33,25.165,30333
T091.P08,20230111_18,25.18,29926
T091.P08,20230103_09,25.136,29710
T091.P08,20220718_05,25.194,29670
T091.P08,20230103_07,25.14,29438
T091.P08,20230103_23,25.158,29382
T091.P08,20230111_15,25.166,29192
T091.P08,20230111_06,25.172,28999
T091.P08,20220712_35,25.166,28792
T091.P08,20230103_06,25.146,28589
T091.P08,20230103_11,25.139,27921
T091.P08,20230111_13,25.175,27866
T091.P08,20230103_40,25.169,27669
T091.P08,20230103_10,25.139,27134
T091.P08,20230103_48,25.156,26567
T091.P08,20230111_19,25.177,26416
T091.P08,20230103_30,25.167,25791
T091.P08,20230103_46,25.168,25738
T091.P08,20230103_38,25.165,24792
T091.P08,20230103_64,25.166,24555
T091.P08,20230103_29,25.165,23604
T091.P08,20230111_04,25.187,22639
T091.P08,20230103_53,25.152,22331
T091.P08,20230103_74,25.163,22325
T091.P08,20230103_50,25.16,22240
T091.P08,20230103_65,25.159,21418
T091.P08,20230111_16,25.171,21284
T091.P08,20230103_68,25.166,18398
T091.P08,20230626_20,25.178,13707
T091.P08,20230626_13,25.18,13051
T091.P08,20230626_11,25.178,12996
T091.P08,20230626_21,25.181,12948
T091.P08,20230626_18,25.182,12611
T091.P08,20230103_26,25.168,11864
T091.P08,20230103_35,25.16,10301
T091.P08,20230103_16,25.171,6373
T091.P08,20230111_30,25.229,5299
T091.P08,20230626_09,25.201,5040
T091.P08,20230904_50,25.255,4947
T091.P08,20230111_08,25.186,4183
T091.P08,20230111_22,25.195,3737
T091.P08,20230904_21,25.267,2307
T091.P08,20230103_71,25.185,1947
T091.P08,20240318_95,29.193,1323
T091.P08,20231212_04,29.17,0
V056.P03,20230626_16,4.559,22336
V056.P03,20241007_10,7.767,14825
V056.P03,20240318_89,7.906,10876
V056.P03,20230103_40,4.46,10364
V056.P03,20230103_20,4.604,10220
V056.P03,20220712_16,4.517,9631
V056.P03,20241007_20,7.793,6499
V056.P03,20220718_48,4.51,5859
V056.P03,20230103_06,4.487,5373
V056.P03,20231212_10,7.803,4428
V059.P03,20231212_22,6.545,18188
V059.P03,20231212_44,6.477,3245
V059.P03,20230111_20,3.27,1128
V069.P04,20220712_11,4.366,272021
V069.P04,20241007_20,7.622,233414
V069.P04,20220712_21,4.373,224291
V069.P04,20241007_16,7.595,215654
V069.P04,20230904_46,4.337,211899
V069.P04,20230111_13,4.367,207897
V069.P04,20220711_09,4.364,205195
V069.P04,20230111_18,4.381,204009
V069.P04,20220712_05,4.383,203929
V069.P04,20230904_50,4.336,202959
V069.P04,20230103_07,4.338,190589
V069.P04,20220718_32,4.38,177813
V069.P04,20230103_46,4.357,174544
V069.P04,20230103_65,4.345,171284
V069.P04,20230103_09,4.372,167568
V069.P04,20230103_53,4.346,165612
V069.P04,20230103_63,4.339,161613
V069.P04,20230103_50,4.337,158180
V069.P04,20230111_19,4.354,157827
V069.P04,20220712_06,4.348,150979
V069.P04,20230103_23,4.355,150937
V069.P04,20230626_34,4.336,143337
V069.P04,20230103_20,4.375,137716
V069.P04,20220712_35,4.365,135581
V069.P04,20230626_15,4.35,132663
V069.P04,20220718_05,4.38,131062
V069.P04,20230626_32,4.367,128785
V069.P04,20230626_13,4.343,128514
V069.P04,20230626_24,4.425,124412
V069.P04,20220718_41,4.397,118164
V069.P04,20220712_09,4.35,112404
V069.P04,20230904_30,4.34,106564
V069.P04,20220711_10,4.403,105432
V069.P04,20240318_86,7.575,105158
V069.P04,20230103_48,4.341,104322
V069.P04,20220711_07,4.348,100504
V069.P04,20230904_12,4.354,98440
V069.P04,20230103_64,4.348,97928
V069.P04,20230904_42,4.322,97565
V069.P04,20230626_21,4.343,88401
V069.P04,20230111_29,4.378,87053
V069.P04,20230626_09,4.353,84971
V069.P04,20220718_51,4.361,83765
V069.P04,20230103_11,4.326,82111
V069.P04,20220718_10,4.382,79237
V069.P04,20220718_62,4.35,78676
V069.P04,20220712_29,4.433,73241
V069.P04,20241014_27,7.554,71686
V069.P04,20230111_07,4.364,68820
V069.P04,20220712_16,4.348,68502
V069.P04,20230103_40,4.436,64617
V069.P04,20220718_48,4.38,61414
V069.P04,20220718_50,4.44,56266
V069.P04,20230904_33,4.32,52331
V069.P04,20230626_38,4.34,52025
V069.P04,20220712_34,4.367,48031
V069.P04,20230103_60,4.341,47923
V069.P04,20230626_37,4.34,46320
V069.P04,20241007_26,7.596,45460
V069.P04,20230626_20,4.324,44225
V069.P04,20230111_08,4.393,43299
V069.P04,20230111_24,4.42,38620
V069.P04,20230904_51,4.357,33881
V069.P04,20240318_22,7.563,32660
V069.P04,20240318_10,7.594,26311
V069.P04,20231212_34,7.675,25354
V069.P04,20241014_21,7.529,23739
V069.P04,20230111_09,4.403,23495
V069.P04,20230103_13,4.386,22226
V069.P04,20230626_05,4.443,17357
V069.P04,20230626_11,4.34,17255
V069.P04,20241007_63,7.617,13577
V069.P04,20241007_35,7.594,10793
V069.P04,20230904_44,4.42,9500
V069.P04,20240318_24,7.558,9182
V069.P04,20240318_19,7.586,8652
V069.P04,20240318_05,7.642,7253
V069.P04,20241007_68,7.599,6836
V069.P04,20240318_23,7.571,6631
V117.P01,20220718_62,4.315,76115
V117.P01,20240318_32,7.534,43173
V117.P01,20220712_11,4.31,40262
V117.P01,20231212_13,7.577,33995
V117.P01,20240318_86,7.485,18546
V117.P01,20230904_46,4.347,14605
V117.P01,20230626_11,4.3,13777
V117.P01,20230626_37,4.368,3489
V117.P01,20231212_04,7.514,0
W056.P03,20220712_18,11.581,25408
W056.P03,20240318_23,14.993,4703
W056.P03,20241007_10,15.024,1975
W059.P01,20240318_75,9.971,10713
W059.P01,20240318_23,9.999,8579
W059.P01,20230626_16,6.798,7419
W059.P01,20230626_18,6.777,7189
W059.P01,20230626_38,6.784,6542
W059.P01,20230103_65,6.787,6017
W059.P01,20241007_63,10.043,5092
W059.P01,20241007_20,10.096,2827
W095.P03,20240318_10,16.611,12578
W095.P03,20240318_95,16.63,3945
W095.P03,20230111_16,13.005,2587
W095.P03,20240318_89,16.643,1866
W095.P03,20220711_07,13.011,1059
W116.P01,20220712_06,8.229,4164
W116.P01,20240318_10,11.53,1634
W116.P01,20220718_55,8.222,1617
W116.P01,20230626_27,8.234,1569
W116.P01,20230904_21,8.202,1536
W116.P01,20230111_26,8.225,1496
W116.P01,20230103_13,8.189,1282
W116.P01,20230111_13,8.199,1239
W116.P01,20230103_43,8.227,0
W116.P01,20230103_63,8.22,0
W116.P01,20230626_05,8.217,0
W133.P03,20230111_15,12.876,19647
W133.P03,20230103_48,12.873,15949
W133.P03,20240318_30,16.392,6199
W133.P03,20231212_44,16.371,5793
W133.P03,20240318_33,16.307,4522
W133.P03,20240318_10,16.403,4155
W133.P03,20241014_21,16.327,3097
W133.P03,20240318_89,16.324,2872
W133.P03,20230103_07,12.9,2861
W133.P03,20230103_65,12.847,2842
W133.P03,20240318_23,16.37,1719
W133.P03,20240318_85,16.299,1425
W133.P03,20241007_10,16.243,1089
W133.P03,20240318_95,16.31,0
