Filename,Comp,RT,Area
20220711_04,M045.P07,4.357,486890
20220711_04,M057.P08,4.716,110861
20220711_04,N070.P03,8.965,2914
20220711_04,N093.P02,9.169,15586
20220711_04,N059.P06,9.28,60597
20220711_04,N094.P04,9.336,25502
20220711_04,Q081.P01,9.475,7107
20220711_04,R085.P01,12.784,33873
20220711_04,S100.P01,15.82,0
20220711_04,S113.P01,15.873,53722
20220711_04,S133.P01,16.128,688319
20220711_04,S084.P01,16.211,23343
20220711_04,S150.P01,17.03,103929
20220711_04,S136.P01,17.115,185659
20220711_04,S105.P04,17.934,20513
20220711_04,T091.P08,25.187,38897
20220711_06,M071.P01,2.753,83410
20220711_06,M056.P02,3.19,9908
20220711_06,M045.P02,3.249,463719
20220711_06,M045.P07,4.366,756354
20220711_06,N058.P02,5.674,3734
20220711_06,N057.P06,7.703,53598
20220711_06,N044.P11,9.2,50166
20220711_06,N059.P06,9.208,75450
20220711_06,N094.P04,9.3,64213
20220711_06,Q081.P01,9.471,7790
20220711_06,Q125.P01,9.899,5197
20220711_06,Q059.P01,10.084,25289
20220711_06,Q085.P01,10.316,34413
20220711_06,Q097.P03,11.384,3041
20220711_06,R085.P01,12.751,36701
20220711_06,S113.P01,15.869,49224
20220711_06,S133.P01,16.126,776011
20220711_06,S084.P01,16.217,11396
20220711_06,S150.P01,17.029,113689
20220711_06,S099.P01,17.059,10117
20220711_06,S136.P01,17.11,235764
20220711_06,S105.P04,17.897,10706
20220711_06,S114.P02,18.203,11970
20220711_06,T091.P08,25.188,46374
20220711_07,M043.P03,3.08,92407
20220711_07,M045.P06,4.026,252446
20220711_07,V069.P04,4.348,100504
20220711_07,M045.P07,4.369,1094455
20220711_07,N057.P07,7.525,235565
20220711_07,N057.P10,8.567,150315
20220711_07,N044.P11,9.11,86937
20220711_07,N059.P06,9.118,135984
20220711_07,N094.P04,9.253,177270
20220711_07,Q081.P01,9.469,7395
20220711_07,Q085.P01,10.247,42550
20220711_07,Q057.P09,10.689,21689
20220711_07,R085.P01,12.728,50627
20220711_07,S113.P01,15.852,59187
20220711_07,S133.P01,16.121,762359
20220711_07,S084.P01,16.212,29092
20220711_07,S150.P01,17.021,88833
20220711_07,S136.P01,17.102,245055
20220711_07,S105.P04,17.903,16123
20220711_07,T091.P08,25.181,51632
20220711_08,M045.P06,4.135,355371
20220711_08,M069.P05,4.816,25457
20220711_08,M057.P10,5.493,23625
20220711_08,M109.P01,5.653,0
20220711_08,N057.P07,7.573,242158
20220711_08,N057.P10,8.603,102480
20220711_08,N070.P03,8.91,4307
20220711_08,N059.P06,9.14,263386
20220711_08,N044.P11,9.2,24418
20220711_08,N094.P04,9.256,117329
20220711_08,Q081.P01,9.467,7812
20220711_08,Q059.P01,10.05,29656
20220711_08,Q085.P01,10.252,42939
20220711_08,Q113.P02,11.06,9199
20220711_08,R085.P01,12.729,56418
20220711_08,S113.P01,15.853,74717
20220711_08,S133.P01,16.12,803436
20220711_08,S150.P01,17.021,95939
20220711_08,S099.P01,17.043,6501
20220711_08,S136.P01,17.102,233508
20220711_08,S105.P04,17.903,17989
20220711_08,T055.P04,24.53,2894
20220711_08,T091.P08,25.174,33131
20220711_09,M043.P03,3.077,106126
20220711_09,M043.P03,3.3,34942
20220711_09,M043.P08,3.997,55119
20220711_09,M045.P06,4.008,263615
20220711_09,M045.P07,4.362,1011135
20220711_09,V069.P04,4.364,205195
20220711_09,M055.P05,4.737,63447
20220711_09,N108.P01,7.193,232328
20220711_09,N057.P07,7.533,145072
20220711_09,N044.P11,9.096,28879
20220711_09,N059.P06,9.109,188470
20220711_09,N094.P04,9.27,48446
20220711_09,Q081.P01,9.469,4582
20220711_09,Q085.P01,10.237,57967
20220711_09,Q057.P09,10.693,22987
20220711_09,R085.P01,12.72,48137
20220711_09,S100.P01,15.787,3114
20220711_09,S113.P01,15.849,52381
20220711_09,S133.P01,16.118,708971
20220711_09,S084.P01,16.205,22001
20220711_09,S099.P01,17.014,35454
20220711_09,S150.P01,17.019,87605
20220711_09,S136.P01,17.098,250742
20220711_09,S105.P04,17.893,12907
20220711_09,T091.P08,25.178,52286
20220711_10,M045.P02,3.295,14648
20220711_10,M045.P07,4.357,687605
20220711_10,V069.P04,4.403,105432
20220711_10,M057.P08,4.647,33229
20220711_10,M069.P05,4.808,71720
20220711_10,N073.P01,5.907,2751
20220711_10,N056.P02,6.531,15347
20220711_10,N108.P01,7.297,77413
20220711_10,N093.P02,9.164,11575
20220711_10,N094.P04,9.303,59736
20220711_10,Q081.P01,9.467,6455
20220711_10,Q054.P01,9.519,7126
20220711_10,Q059.P01,10.113,28679
20220711_10,Q097.P03,11.364,9395
20220711_10,R085.P01,12.761,38600
20220711_10,S100.P01,15.807,3182
20220711_10,S113.P01,15.862,54040
20220711_10,S133.P01,16.123,725747
20220711_10,S150.P01,17.023,96517
20220711_10,S099.P01,17.07,5157
20220711_10,S136.P01,17.106,218255
20220711_10,S128.P01,17.52,68292
20220711_10,S105.P04,17.906,24187
20220711_10,T091.P08,25.173,45885
20220712_05,M045.P06,4.013,255612
20220712_05,M045.P07,4.379,1073270
20220712_05,V069.P04,4.383,203929
20220712_05,M057.P08,4.74,1345459
20220712_05,M069.P05,4.805,17800
20220712_05,M109.P01,5.569,25680
20220712_05,N058.P02,5.704,38463
20220712_05,N074.P02,7.413,5377
20220712_05,N057.P07,7.556,60703
20220712_05,N070.P03,8.96,1557
20220712_05,N093.P02,9.111,3818
20220712_05,N059.P06,9.263,42318
20220712_05,N094.P04,9.268,60655
20220712_05,Q081.P01,9.46,9577
20220712_05,Q085.P01,10.235,32467
20220712_05,Q122.P02,10.29,25035
20220712_05,Q057.P09,10.696,21941
20220712_05,Q069.P02,11.28,4814
20220712_05,Q097.P03,11.282,7477
20220712_05,R085.P01,12.715,32874
20220712_05,R099.P01,13.39,5583
20220712_05,S100.P01,15.788,4999
20220712_05,S113.P01,15.849,58808
20220712_05,S133.P01,16.119,595097
20220712_05,S084.P01,16.214,9179
20220712_05,S099.P01,17.013,35668
20220712_05,S150.P01,17.018,80510
20220712_05,S136.P01,17.1,209932
20220712_05,S105.P04,17.9,13941
20220712_05,T055.P04,24.633,1301
20220712_05,T091.P08,25.179,41537
20220712_06,M045.P02,3.243,544308
20220712_06,M045.P06,3.991,415409
20220712_06,M045.P07,4.346,722650
20220712_06,V069.P04,4.348,150979
20220712_06,M057.P08,4.711,179916
20220712_06,M069.P05,4.793,94230
20220712_06,M109.P01,5.556,55141
20220712_06,N057.P06,7.653,213868
20220712_06,W116.P01,8.229,4164
20220712_06,N059.P06,9.184,672312
20220712_06,N094.P04,9.26,76129
20220712_06,Q081.P01,9.47,7329
20220712_06,Q113.P02,11.073,11266
20220712_06,Q097.P03,11.33,28527
20220712_06,Q120.P01,11.591,13291
20220712_06,R085.P01,12.729,43342
20220712_06,R099.P01,13.274,11978
20220712_06,S100.P01,15.788,9619
20220712_06,S113.P01,15.85,108151
20220712_06,S133.P01,16.114,953039
20220712_06,S084.P01,16.208,12032
20220712_06,S099.P01,17.044,43540
20220712_06,S136.P01,17.103,318616
20220712_06,S105.P04,17.914,41019
20220712_06,S114.P02,18.177,27310
20220712_06,S091.P02,18.513,14711
20220712_06,T091.P08,25.173,41721
20220712_09,M056.P02,3.178,10553
20220712_09,M045.P07,4.345,600061
20220712_09,V069.P04,4.35,112404
20220712_09,M059.P04.2,4.469,1484846
20220712_09,M057.P08,4.637,23872
20220712_09,N057.P06,7.615,71779
20220712_09,N059.P06,9.153,150859
20220712_09,N044.P11,9.16,51749
20220712_09,N094.P04,9.284,47438
20220712_09,Q081.P01,9.469,6218
20220712_09,Q085.P01,10.257,53740
20220712_09,Q057.P09,10.692,64335
20220712_09,Q069.P02,11.303,3845
20220712_09,R085.P01,12.733,38479
20220712_09,S113.P01,15.851,79608
20220712_09,S133.P01,16.125,573984
20220712_09,S084.P01,16.205,9935
20220712_09,S150.P01,17.022,119538
20220712_09,S099.P01,17.047,19690
20220712_09,S136.P01,17.104,266190
20220712_09,S128.P01,17.537,79617
20220712_09,S105.P04,17.893,14644
20220712_09,T091.P08,25.175,44095
20220712_09,T073.P04,29.597,15813
20220712_09,T057.P13,30.419,2070
20220712_11,M043.P03,3.079,132294
20220712_11,M045.P06,4.011,206727
20220712_11,V069.P04,4.366,272021
20220712_11,M045.P07,4.369,1339180
20220712_11,M069.P05,4.808,10839
20220712_11,M043.P13,5.093,54607
20220712_11,M057.P10,5.49,9139
20220712_11,M109.P01,5.564,37382
20220712_11,N058.P02,5.697,29560
20220712_11,N070.P03,8.963,1917
20220712_11,N059.P06,9.117,204486
20220712_11,N094.P04,9.3,34221
20220712_11,Q081.P01,9.467,5656
20220712_11,Q085.P01,10.244,50694
20220712_11,Q057.P09,10.687,33922
20220712_11,R085.P01,12.72,48208
20220712_11,R099.P01,13.33,4259
20220712_11,S100.P01,15.785,11083
20220712_11,S113.P01,15.85,62245
20220712_11,S133.P01,16.12,744065
20220712_11,S084.P01,16.209,13848
20220712_11,S131.P01,16.233,3680
20220712_11,S099.P01,17.011,38288
20220712_11,S150.P01,17.017,79707
20220712_11,S136.P01,17.1,239899
20220712_11,S105.P04,17.892,12878
20220712_15,M071.P01,2.8,201646
20220712_15,M045.P07,4.34,561602
20220712_15,M109.P01,5.643,0
20220712_15,N108.P01,7.19,1000988
20220712_15,N057.P07,7.602,314011
20220712_15,N057.P10,8.62,77995
20220712_15,N044.P11,9.126,203350
20220712_15,Q081.P01,9.463,10021
20220712_15,Q054.P01,9.507,3643
20220712_15,Q125.P01,9.91,1767
20220712_15,Q085.P01,10.253,38238
20220712_15,Q057.P09,10.697,42372
20220712_15,Q097.P03,11.31,15098
20220712_15,R085.P01,12.726,37595
20220712_15,R099.P01,13.323,6834
20220712_15,S100.P01,15.787,13651
20220712_15,S113.P01,15.852,79819
20220712_15,S133.P01,16.117,1044748
20220712_15,S084.P01,16.21,19884
20220712_15,S150.P01,17.019,107531
20220712_15,S136.P01,17.106,245366
20220712_15,S105.P04,17.923,41341
20220712_15,S091.P02,18.497,2946
20220712_16,M071.P01,2.787,31230
20220712_16,M044.P03,3.415,42967
20220712_16,V069.P04,4.348,68502
20220712_16,M045.P07,4.383,723465
20220712_16,V056.P03,4.517,9631
20220712_16,M069.P05,4.79,7936
20220712_16,N057.P07,7.599,183771
20220712_16,N057.P10,8.629,35936
20220712_16,N093.P02,9.07,1531
20220712_16,N044.P11,9.163,42297
20220712_16,N059.P06,9.181,128715
20220712_16,N094.P04,9.298,65121
20220712_16,Q081.P01,9.476,6353
20220712_16,Q128.P02,9.483,1968
20220712_16,Q059.P01,10.059,33610
20220712_16,Q085.P01,10.268,45366
20220712_16,Q097.P03,11.315,7022
20220712_16,R085.P01,12.731,53210
20220712_16,S100.P01,15.799,10196
20220712_16,S113.P01,15.857,50513
20220712_16,S133.P01,16.125,747703
20220712_16,S084.P01,16.214,12187
20220712_16,S150.P01,17.026,69826
20220712_16,S136.P01,17.109,202823
20220712_16,S105.P04,17.899,35457
20220712_16,T091.P08,25.175,50460
20220712_18,M045.P07,4.364,731958
20220712_18,N056.P02,6.537,7028
20220712_18,N108.P01,7.217,200053
20220712_18,N057.P07,7.54,5897
20220712_18,Q081.P01,9.476,7852
20220712_18,Q097.P03,11.381,8285
20220712_18,R085.P01,12.775,43418
20220712_18,R099.P01,13.331,13532
20220712_18,S100.P01,15.817,2214
20220712_18,S113.P01,15.874,66542
20220712_18,S133.P01,16.125,780614
20220712_18,S131.P01,16.207,31287
20220712_18,S084.P01,16.211,58872
20220712_18,S150.P01,17.025,134594
20220712_18,S136.P01,17.113,287654
20220712_18,S105.P04,17.89,16679
20220712_18,T091.P08,25.178,48914
20220712_21,M043.P03,3.063,169219
20220712_21,M056.P02,3.174,37502
20220712_21,M043.P03,3.291,27972
20220712_21,M045.P06,3.998,596746
20220712_21,M043.P08,4.026,102906
20220712_21,V069.P04,4.373,224291
20220712_21,M045.P07,4.376,1147891
20220712_21,M109.P01,5.568,31182
20220712_21,N094.P04,9.253,59501
20220712_21,Q081.P01,9.473,8568
20220712_21,Q085.P01,10.234,41801
20220712_21,Q113.P02,11.046,9157
20220712_21,Q097.P03,11.281,12603
20220712_21,R085.P01,12.715,40843
20220712_21,S100.P01,15.803,1962
20220712_21,S113.P01,15.855,55513
20220712_21,S133.P01,16.126,749665
20220712_21,S084.P01,16.221,4628
20220712_21,S099.P01,17.017,38381
20220712_21,S150.P01,17.027,55063
20220712_21,S136.P01,17.108,200915
20220712_21,S105.P04,17.898,18210
20220712_21,S147.P03,19.307,4184
20220712_21,T091.P08,25.182,54830
20220712_24,M071.P01,2.788,545959
20220712_24,M056.P02,3.175,9681
20220712_24,M045.P06,4.003,413126
20220712_24,M043.P08,4.007,154802
20220712_24,M045.P07,4.379,1173509
20220712_24,M057.P08,4.658,32114
20220712_24,M069.P05,4.804,126351
20220712_24,N073.P01,5.979,14481
20220712_24,N108.P01,7.214,92592
20220712_24,N057.P07,7.531,133398
20220712_24,N044.P11,9.107,59230
20220712_24,N094.P04,9.262,165634
20220712_24,Q081.P01,9.47,7455
20220712_24,Q085.P01,10.245,39168
20220712_24,Q057.P09,10.694,27599
20220712_24,Q113.P02,11.047,9296
20220712_24,Q097.P03,11.277,4592
20220712_24,R085.P01,12.725,38646
20220712_24,S100.P01,15.788,10629
20220712_24,S113.P01,15.856,78714
20220712_24,S133.P01,16.127,690561
20220712_24,S084.P01,16.216,30922
20220712_24,S099.P01,17.025,32487
20220712_24,S150.P01,17.029,88851
20220712_24,S136.P01,17.112,232565
20220712_24,S105.P04,17.92,7646
20220712_24,T091.P08,25.183,48361
20220712_29,M071.P01,2.744,190414
20220712_29,M045.P07,4.366,855182
20220712_29,V069.P04,4.433,73241
20220712_29,M057.P10,5.494,36183
20220712_29,N108.P01,7.206,518178
20220712_29,N108.P01,7.267,520787
20220712_29,N057.P07,7.517,67720
20220712_29,N094.P04,9.333,52747
20220712_29,Q081.P01,9.478,9968
20220712_29,R085.P01,12.787,41242
20220712_29,S113.P01,15.877,72482
20220712_29,S133.P01,16.128,776153
20220712_29,S084.P01,16.214,13593
20220712_29,S150.P01,17.032,109484
20220712_29,S099.P01,17.087,3227
20220712_29,S136.P01,17.118,217026
20220712_29,S105.P04,17.929,34594
20220712_29,S095.P01,18.207,2911
20220712_29,T091.P08,25.177,48900
20220712_33,M041.P04,3.354,1906364
20220712_33,N044.P11,9.116,3340838
20220712_33,Q122.P02,10.306,57959
20220712_33,R042.P02,14.7,86333
20220712_33,S133.P01,16.129,515193
20220712_33,S136.P01,17.155,1202087
20220712_33,S091.P02,18.427,76792
20220712_33,S147.P03,19.272,8888
20220712_34,M043.P03,3.063,95512
20220712_34,M056.P02,3.164,13010
20220712_34,M045.P06,4.067,256765
20220712_34,V069.P04,4.367,48031
20220712_34,M057.P08,4.625,59291
20220712_34,N057.P07,7.529,275047
20220712_34,N057.P10,8.572,65128
20220712_34,N093.P02,9.112,1951
20220712_34,N094.P04,9.248,183798
20220712_34,Q054.P01,9.509,4900
20220712_34,Q097.P03,11.257,20423
20220712_34,R085.P01,12.688,30149
20220712_34,S100.P01,15.761,7663
20220712_34,S113.P01,15.841,50326
20220712_34,S133.P01,16.112,626584
20220712_34,S084.P01,16.205,25780
20220712_34,S150.P01,17.016,57861
20220712_34,S099.P01,17.021,16284
20220712_34,S136.P01,17.097,143784
20220712_34,S105.P04,17.91,14672
20220712_34,S147.P03,19.161,81006
20220712_34,T091.P08,25.158,35139
20220712_35,M071.P01,2.748,29597
20220712_35,V069.P04,4.365,135581
20220712_35,M045.P07,4.374,891167
20220712_35,M057.P08,4.677,14516
20220712_35,N056.P02,6.511,3873
20220712_35,N057.P06,7.69,7916
20220712_35,N093.P02,9.178,24754
20220712_35,Q081.P01,9.467,4560
20220712_35,Q054.P01,9.513,4348
20220712_35,Q059.P01,10.067,6607
20220712_35,Q097.P03,11.307,4755
20220712_35,R131.P04,14.183,2476
20220712_35,S113.P01,15.84,14730
20220712_35,S133.P01,16.118,453102
20220712_35,S084.P01,16.213,7893
20220712_35,S150.P01,17.019,71283
20220712_35,S136.P01,17.099,148178
20220712_35,S105.P04,17.887,8572
20220712_35,T091.P08,25.166,28792
20220718_04,M045.P02,3.313,76642
20220718_04,M043.P03,3.427,25334
20220718_04,M045.P07,4.373,567313
20220718_04,M055.P05,4.654,10685
20220718_04,M069.P05,4.837,8541
20220718_04,N108.P01,7.242,55139
20220718_04,N093.P02,9.185,39983
20220718_04,N094.P04,9.333,87410
20220718_04,Q081.P01,9.494,6258
20220718_04,Q125.P01,9.93,2545
20220718_04,Q097.P03,11.377,6333
20220718_04,R085.P01,12.779,28564
20220718_04,S100.P01,15.847,1413
20220718_04,S113.P01,15.885,57118
20220718_04,S133.P01,16.145,599361
20220718_04,S084.P01,16.233,14426
20220718_04,S150.P01,17.048,81118
20220718_04,S099.P01,17.1,9941
20220718_04,S136.P01,17.131,169572
20220718_04,S105.P04,17.932,6683
20220718_05,M044.P03,3.437,26359
20220718_05,M045.P07,4.374,608375
20220718_05,V069.P04,4.38,131062
20220718_05,M109.P01,5.577,35504
20220718_05,N094.P04,9.354,60833
20220718_05,Q081.P01,9.49,5676
20220718_05,Q128.P02,9.529,1711
20220718_05,Q097.P03,11.38,10469
20220718_05,R085.P01,12.79,34173
20220718_05,S100.P01,15.837,4092
20220718_05,S113.P01,15.884,80254
20220718_05,S133.P01,16.148,554155
20220718_05,S084.P01,16.233,15166
20220718_05,S136.P01,17.131,199461
20220718_05,S105.P04,17.942,13178
20220718_05,S091.P02,18.528,11800
20220718_05,S147.P03,19.238,20818
20220718_05,T091.P08,25.194,29670
20220718_12,M043.P03,3.076,43060
20220718_12,M056.P02,3.16,10329
20220718_12,M041.P04,3.34,32249
20220718_12,M045.P06,4.034,102258
20220718_12,M045.P07,4.381,624387
20220718_12,M109.P01,5.574,11357
20220718_12,N073.P01,6.047,15897
20220718_12,N057.P07,7.553,50807
20220718_12,N057.P06,7.593,17653
20220718_12,N059.P06,9.115,89941
20220718_12,N093.P02,9.119,3588
20220718_12,N044.P11,9.147,6570
20220718_12,N094.P04,9.231,55790
20220718_12,Q081.P01,9.478,4075
20220718_12,Q125.P01,9.917,1612
20220718_12,Q085.P01,10.256,34502
20220718_12,R085.P01,12.725,31626
20220718_12,R099.P01,13.313,15364
20220718_12,S100.P01,15.798,4128
20220718_12,S113.P01,15.86,39596
20220718_12,S133.P01,16.132,575437
20220718_12,S099.P01,17.02,58686
20220718_12,S136.P01,17.118,174790
20220718_12,S105.P04,17.906,19357
20220718_12,S147.P03,19.27,9144
20220718_12,T071.P01,23.091,87282
20220718_20,M071.P01,2.76,99835
20220718_20,M043.P03,3.069,41541
20220718_20,M045.P06,4.014,146487
20220718_20,M045.P07,4.376,425462
20220718_20,M059.P04.2,4.483,74300
20220718_20,M057.P08,4.65,23541
20220718_20,N057.P07,7.57,19348
20220718_20,N093.P02,9.179,4830
20220718_20,N094.P04,9.257,40068
20220718_20,N059.P06,9.263,22459
20220718_20,Q081.P01,9.477,5444
20220718_20,Q085.P01,10.245,39791
20220718_20,Q097.P03,11.287,14387
20220718_20,R085.P01,12.71,49941
20220718_20,R099.P01,13.27,9216
20220718_20,S100.P01,15.807,1837
20220718_20,S113.P01,15.86,45237
20220718_20,S133.P01,16.131,424046
20220718_20,S099.P01,17.021,40197
20220718_20,S150.P01,17.032,31601
20220718_20,S136.P01,17.115,145544
20220718_20,S105.P04,17.904,15639
20220718_20,S147.P03,19.223,34822
20220718_20,T071.P01,23.088,84033
20220718_20,T091.P08,25.178,31581
20220718_31,M071.P01,2.813,48608
20220718_31,M045.P06,4.02,177309
20220718_31,M045.P07,4.376,959192
20220718_31,M057.P08,4.651,24186
20220718_31,M069.P05,4.837,1689
20220718_31,N057.P07,7.534,146809
20220718_31,N044.P11,9.093,52200
20220718_31,N059.P06,9.1,364425
20220718_31,N093.P02,9.17,1556
20220718_31,N094.P04,9.266,48703
20220718_31,Q081.P01,9.464,6903
20220718_31,Q085.P01,10.234,29295
20220718_31,R085.P01,12.722,28507
20220718_31,R099.P01,13.27,19452
20220718_31,S100.P01,15.795,10258
20220718_31,S113.P01,15.854,77256
20220718_31,S133.P01,16.128,520509
20220718_31,S150.P01,17.027,94322
20220718_31,S099.P01,17.028,37355
20220718_31,S136.P01,17.108,245144
20220718_31,S105.P04,17.937,4920
20220718_31,T057.P13,30.41,3502
20220718_35,M071.P01,2.749,44019
20220718_35,M045.P02,3.363,34932
20220718_35,M041.P04,3.374,19696
20220718_35,M045.P07,4.363,460944
20220718_35,M057.P08,4.718,106805
20220718_35,M109.P01,5.56,36934
20220718_35,N108.P01,7.239,336135
20220718_35,N070.P03,8.923,3446
20220718_35,N059.P06,9.253,154809
20220718_35,N094.P04,9.322,61326
20220718_35,Q081.P01,9.473,5912
20220718_35,Q059.P01,10.074,33328
20220718_35,Q097.P03,11.362,14422
20220718_35,R085.P01,12.768,35728
20220718_35,S113.P01,15.869,55345
20220718_35,S133.P01,16.128,639933
20220718_35,S150.P01,17.033,103434
20220718_35,S099.P01,17.11,10021
20220718_35,S136.P01,17.114,201933
20220718_35,S105.P04,17.923,27732
20220718_35,S091.P02,18.485,8668
20220718_35,S147.P03,19.21,50186
20220718_35,T071.P01,23.085,127551
20220718_35,T091.P08,25.18,38914
20220718_41,M071.P01,2.748,93963
20220718_41,M043.P03,3.27,87831
20220718_41,M045.P02,3.311,8976
20220718_41,M045.P07,4.365,743105
20220718_41,V069.P04,4.397,118164
20220718_41,M069.P05,4.804,14941
20220718_41,N108.P01,7.238,50474
20220718_41,N059.P06,9.244,424453
20220718_41,N094.P04,9.369,41889
20220718_41,Q081.P01,9.472,5956
20220718_41,Q054.P01,9.526,5208
20220718_41,R085.P01,12.755,31605
20220718_41,R099.P01,13.332,24936
20220718_41,S100.P01,15.833,2166
20220718_41,S113.P01,15.866,91268
20220718_41,S133.P01,16.129,510803
20220718_41,S084.P01,16.211,13627
20220718_41,S150.P01,17.026,127657
20220718_41,S136.P01,17.114,207199
20220718_41,S099.P01,17.126,19482
20220718_41,S105.P04,17.921,16241
20220718_41,S147.P03,19.227,23987
20220718_48,M071.P01,2.807,67750
20220718_48,M056.P02,3.179,6641
20220718_48,M044.P03,3.417,17647
20220718_48,V069.P04,4.38,61414
20220718_48,M045.P07,4.382,962157
20220718_48,V056.P03,4.51,5859
20220718_48,M109.P01,5.56,29862
20220718_48,N057.P07,7.6,114999
20220718_48,N044.P11,9.138,42238
20220718_48,N059.P06,9.151,137608
20220718_48,N094.P04,9.299,37875
20220718_48,Q081.P01,9.468,4224
20220718_48,Q054.P01,9.519,5372
20220718_48,Q057.P09,10.698,19424
20220718_48,R085.P01,12.739,27046
20220718_48,R099.P01,13.373,3532
20220718_48,S100.P01,15.798,12922
20220718_48,S113.P01,15.857,58165
20220718_48,S133.P01,16.123,695019
20220718_48,S150.P01,17.028,82508
20220718_48,S136.P01,17.11,207615
20220718_48,S128.P01,17.525,16522
20220718_48,S091.P02,18.48,7440
20220718_48,T091.P08,25.176,40688
20220718_50,M056.P02,3.093,7670
20220718_50,M045.P07,4.36,777408
20220718_50,V069.P04,4.44,56266
20220718_50,N057.P06,7.696,22272
20220718_50,N093.P02,9.171,11469
20220718_50,N044.P11,9.231,13798
20220718_50,N059.P06,9.267,62463
20220718_50,N094.P04,9.287,9629
20220718_50,Q081.P01,9.472,6257
20220718_50,Q125.P01,9.85,1380
20220718_50,R085.P01,12.741,15057
20220718_50,S113.P01,15.858,27893
20220718_50,S133.P01,16.124,661141
20220718_50,S084.P01,16.217,20317
20220718_50,S150.P01,17.027,73010
20220718_50,S136.P01,17.109,163234
20220718_50,S105.P04,17.917,15724
20220718_50,S105.P04,17.923,8108
20220718_50,S095.P01,18.177,1247
20220718_50,S147.P03,19.3,5673
20220718_50,T091.P08,25.184,38065
20220718_51,M043.P03,3.079,77493
20220718_51,M044.P03,3.455,55420
20220718_51,M045.P06,4.014,206459
20220718_51,V069.P04,4.361,83765
20220718_51,M045.P07,4.377,471651
20220718_51,M069.P05,4.815,6808
20220718_51,M109.P01,5.572,17166
20220718_51,N108.P01,7.179,555774
20220718_51,N059.P06,9.098,203154
20220718_51,N093.P02,9.168,3999
20220718_51,N094.P04,9.277,42220
20220718_51,Q081.P01,9.472,7906
20220718_51,Q125.P01,9.863,1672
20220718_51,Q085.P01,10.234,32657
20220718_51,S113.P01,15.852,41964
20220718_51,S133.P01,16.121,600773
20220718_51,S084.P01,16.22,3481
20220718_51,S131.P01,16.237,1742
20220718_51,S150.P01,17.026,37076
20220718_51,S136.P01,17.108,159218
20220718_51,S105.P04,17.893,16635
20220718_51,S114.P02,18.179,4735
20220718_51,S147.P03,19.202,85753
20220718_51,T091.P08,25.176,38789
20220718_55,M071.P01,2.75,130225
20220718_55,M043.P08,3.977,435227
20220718_55,M045.P07,4.369,665747
20220718_55,M069.P05,4.81,12939
20220718_55,N108.P01,7.242,79215
20220718_55,W116.P01,8.222,1617
20220718_55,N093.P02,9.168,17725
20220718_55,N094.P04,9.33,18477
20220718_55,Q081.P01,9.472,5504
20220718_55,R085.P01,12.807,10135
20220718_55,S113.P01,15.877,68173
20220718_55,S133.P01,16.128,614559
20220718_55,S084.P01,16.213,34606
20220718_55,S150.P01,17.027,97279
20220718_55,S099.P01,17.11,7028
20220718_55,S136.P01,17.118,202434
20220718_55,S105.P04,17.89,13202
20220718_61,M071.P01,2.834,104715
20220718_61,M043.P03,3.166,43314
20220718_61,M056.P02,3.17,33398
20220718_61,M045.P07,4.359,614520
20220718_61,M055.P05,4.637,17240
20220718_61,M109.P01,5.558,35175
20220718_61,N070.P03,8.928,3416
20220718_61,Q081.P01,9.453,2457
20220718_61,S100.P01,15.806,6251
20220718_61,S113.P01,15.865,51279
20220718_61,S133.P01,16.121,599810
20220718_61,S084.P01,16.21,18248
20220718_61,S150.P01,17.026,90336
20220718_61,S099.P01,17.059,8968
20220718_61,S136.P01,17.109,218530
20220718_61,S105.P04,17.894,25297
20220718_61,S091.P02,18.54,6599
20220718_61,S147.P03,19.204,56700
20220718_61,T091.P08,25.174,33763
20220718_61,T057.P13,30.42,5918
20230103_06,M045.P02,3.239,20426
20230103_06,M045.P07,4.337,1053246
20230103_06,V056.P03,4.487,5373
20230103_06,M057.P08,4.634,32638
20230103_06,N058.P02,5.744,77512
20230103_06,N074.P02,7.326,697732
20230103_06,N057.P06,7.697,9809
20230103_06,N093.P02,9.134,6287
20230103_06,N044.P11,9.214,10407
20230103_06,N059.P06,9.22,70930
20230103_06,Q081.P01,9.431,5622
20230103_06,Q097.P03,11.363,0
20230103_06,R085.P01,12.724,22017
20230103_06,S113.P01,15.829,32207
20230103_06,S133.P01,16.088,599328
20230103_06,S084.P01,16.179,3677
20230103_06,S150.P01,16.993,54182
20230103_06,S136.P01,17.1,96438
20230103_06,S095.P01,18.178,3861
20230103_06,T091.P08,25.146,28589
20230103_07,M071.P01,2.727,132468
20230103_07,M045.P06,4.138,201643
20230103_07,V069.P04,4.338,190589
20230103_07,M045.P07,4.342,1310984
20230103_07,N108.P01,7.213,105364
20230103_07,N070.P03,8.93,6069
20230103_07,N093.P02,9.117,2557
20230103_07,Q081.P01,9.434,8012
20230103_07,Q108.P04,10.801,34832
20230103_07,R085.P01,12.783,34514
20230103_07,S113.P01,15.845,43828
20230103_07,S133.P01,16.091,580436
20230103_07,S084.P01,16.174,20154
20230103_07,S150.P01,16.991,42937
20230103_07,S136.P01,17.096,102694
20230103_07,S105.P04,17.857,6162
20230103_07,S147.P03,19.198,19792
20230103_07,T091.P08,25.14,29438
20230103_09,M071.P01,2.737,61379
20230103_09,M045.P02,3.184,228182
20230103_09,V069.P04,4.372,167568
20230103_09,M045.P07,4.377,1176224
20230103_09,N056.P02,6.498,10129
20230103_09,N057.P07,7.653,150018
20230103_09,N059.P06,9.177,252889
20230103_09,N094.P04,9.303,21253
20230103_09,Q081.P01,9.429,6352
20230103_09,Q125.P01,9.86,2194
20230103_09,Q085.P01,10.27,36088
20230103_09,Q069.P02,11.366,6161
20230103_09,Q120.P01,11.568,7027
20230103_09,R085.P01,12.708,27050
20230103_09,R099.P01,13.37,3951
20230103_09,S113.P01,15.819,50360
20230103_09,S133.P01,16.087,496534
20230103_09,S131.P01,16.226,2088
20230103_09,S150.P01,16.99,76581
20230103_09,S136.P01,17.078,143575
20230103_09,S128.P01,17.44,9903
20230103_09,S105.P04,17.85,8989
20230103_09,S147.P03,19.303,8394
20230103_09,T091.P08,25.136,29710
20230103_09,T073.P04,29.536,14447
20230103_10,M057.P03,3.689,82130
20230103_10,M045.P07,4.335,1196200
20230103_10,M055.P05,4.591,17100
20230103_10,M057.P08,4.702,130129
20230103_10,M069.P05,4.773,202111
20230103_10,N108.P01,7.228,8102
20230103_10,N108.P01,7.237,12112
20230103_10,N059.P06,9.21,41638
20230103_10,Q081.P01,9.432,4997
20230103_10,Q059.P01,10.004,24284
20230103_10,R085.P01,12.709,21000
20230103_10,S100.P01,15.789,1421
20230103_10,S113.P01,15.82,34504
20230103_10,S133.P01,16.087,534281
20230103_10,S099.P01,17.035,7983
20230103_10,S136.P01,17.075,181853
20230103_10,S147.P03,19.243,7548
20230103_10,T091.P08,25.139,27134
20230103_11,M043.P03,3.3,89981
20230103_11,V069.P04,4.326,82111
20230103_11,M045.P07,4.386,619379
20230103_11,M069.P05,4.77,67688
20230103_11,M109.P01,5.637,0
20230103_11,N108.P01,7.193,48385
20230103_11,N108.P01,7.24,92739
20230103_11,N093.P02,9.127,12491
20230103_11,N059.P06,9.231,323591
20230103_11,Q081.P01,9.431,6129
20230103_11,Q085.P01,10.314,22950
20230103_11,R085.P01,12.723,47248
20230103_11,R099.P01,13.373,4724
20230103_11,S113.P01,15.829,56916
20230103_11,S133.P01,16.086,525923
20230103_11,S131.P01,16.163,10917
20230103_11,S136.P01,17.082,137602
20230103_11,S105.P04,17.887,11450
20230103_11,S095.P01,18.144,8376
20230103_11,T091.P08,25.139,27921
20230103_13,M043.P03,3.34,39777
20230103_13,M045.P07,4.338,468782
20230103_13,V069.P04,4.386,22226
20230103_13,M069.P05,4.792,2753
20230103_13,N108.P01,7.202,7159
20230103_13,W116.P01,8.189,1282
20230103_13,Q081.P01,9.43,11583
20230103_13,R085.P01,12.741,38260
20230103_13,R099.P01,13.368,4548
20230103_13,S100.P01,15.789,2208
20230103_13,S113.P01,15.832,55722
20230103_13,S133.P01,16.091,387487
20230103_13,S150.P01,16.991,69354
20230103_13,S099.P01,17.069,7528
20230103_13,S136.P01,17.087,109937
20230103_13,S105.P04,17.89,7334
20230103_13,S091.P02,18.47,4811
20230103_13,S147.P03,19.205,29403
20230103_13,T057.P13,30.377,4352
20230103_16,M043.P03,3.139,123824
20230103_16,M044.P03,3.418,26987
20230103_16,M045.P07,4.354,556717
20230103_16,M069.P05,4.786,27458
20230103_16,N057.P06,7.717,5292
20230103_16,N093.P02,9.135,9044
20230103_16,N059.P06,9.281,26647
20230103_16,Q081.P01,9.441,1966
20230103_16,Q122.P02,10.261,9883
20230103_16,S133.P01,16.119,177968
20230103_16,S084.P01,16.183,14996
20230103_16,S150.P01,17.012,28404
20230103_16,S105.P04,17.911,6734
20230103_16,S114.P02,18.233,1131
20230103_16,T055.P04,24.608,4091
20230103_16,T091.P08,25.171,6373
20230103_19,M045.P02,3.274,363120
20230103_19,M045.P07,4.383,568420
20230103_19,M069.P05,4.767,45940
20230103_19,M109.P01,5.593,1305
20230103_19,N057.P07,7.686,84604
20230103_19,N070.P03,8.966,3766
20230103_19,N059.P06,9.195,96694
20230103_19,N094.P04,9.313,23045
20230103_19,Q081.P01,9.547,1909
20230103_19,Q069.P02,11.377,3119
20230103_19,R085.P01,12.724,28951
20230103_19,R099.P01,13.383,3265
20230103_19,S100.P01,15.789,7617
20230103_19,S113.P01,15.834,49307
20230103_19,S133.P01,16.098,499899
20230103_19,S084.P01,16.179,5909
20230103_19,S131.P01,16.193,4918
20230103_19,S150.P01,17.001,65594
20230103_19,S136.P01,17.096,131714
20230103_19,S105.P04,17.9,4485
20230103_19,S095.P01,18.151,6054
20230103_19,S147.P03,19.31,10661
20230103_20,M071.P01,2.815,16906
20230103_20,M044.P03,3.415,43693
20230103_20,M045.P07,4.37,819426
20230103_20,V069.P04,4.375,137716
20230103_20,M059.P04.2,4.522,954692
20230103_20,V056.P03,4.604,10220
20230103_20,M055.P05,4.69,15507
20230103_20,M069.P05,4.781,76062
20230103_20,N057.P07,7.627,121354
20230103_20,N044.P11,9.152,36251
20230103_20,N059.P06,9.197,35118
20230103_20,N094.P04,9.291,65726
20230103_20,Q081.P01,9.439,8802
20230103_20,Q128.P02,9.47,6071
20230103_20,Q085.P01,10.252,34320
20230103_20,Q057.P09,10.677,46365
20230103_20,R085.P01,12.705,43480
20230103_20,S113.P01,15.827,48318
20230103_20,S133.P01,16.096,477678
20230103_20,S131.P01,16.147,8846
20230103_20,S150.P01,16.995,70913
20230103_20,S099.P01,17.029,10611
20230103_20,S136.P01,17.087,166670
20230103_20,S128.P01,17.533,9255
20230103_20,S147.P03,19.177,81740
20230103_20,T055.P04,24.59,6206
20230103_23,V069.P04,4.355,150937
20230103_23,M045.P07,4.356,920574
20230103_23,M057.P08,4.643,22959
20230103_23,M069.P05,4.796,22676
20230103_23,N056.P02,6.516,7719
20230103_23,Q081.P01,9.449,5928
20230103_23,Q128.P02,9.497,0
20230103_23,Q125.P01,9.897,4626
20230103_23,R085.P01,12.784,28943
20230103_23,S113.P01,15.86,50416
20230103_23,S133.P01,16.105,464872
20230103_23,S084.P01,16.19,4208
20230103_23,S150.P01,17.004,85047
20230103_23,S136.P01,17.102,148414
20230103_23,S105.P04,17.901,21085
20230103_23,T091.P08,25.158,29382
20230103_23,T057.P13,30.398,3074
20230103_26,M056.P02,3.162,7772
20230103_26,M045.P07,4.367,257409
20230103_26,M057.P10,5.523,7201
20230103_26,N057.P07,7.578,12899
20230103_26,N057.P10,8.601,7684
20230103_26,N044.P11,9.223,6079
20230103_26,Q128.P02,9.508,5969
20230103_26,Q054.P01,9.514,3111
20230103_26,Q081.P01,9.517,10173
20230103_26,Q057.P09,10.692,9423
20230103_26,R085.P01,12.749,9857
20230103_26,S100.P01,15.822,1029
20230103_26,S113.P01,15.847,14552
20230103_26,S133.P01,16.125,197959
20230103_26,S084.P01,16.194,10464
20230103_26,S136.P01,17.145,9949
20230103_26,S105.P04,17.899,4754
20230103_26,T091.P08,25.168,11864
20230103_29,M056.P02,3.144,18447
20230103_29,M045.P07,4.363,878498
20230103_29,M057.P08,4.719,116779
20230103_29,M069.P05,4.804,24462
20230103_29,N057.P06,7.733,53432
20230103_29,N059.P06,9.228,161906
20230103_29,N094.P04,9.258,18362
20230103_29,Q081.P01,9.457,4398
20230103_29,Q059.P01,10.039,30689
20230103_29,Q122.P02,10.286,11497
20230103_29,R085.P01,12.747,18091
20230103_29,R129.P03,14.327,7091
20230103_29,S113.P01,15.849,31157
20230103_29,S133.P01,16.111,456872
20230103_29,S084.P01,16.198,4824
20230103_29,S150.P01,17.015,59934
20230103_29,S099.P01,17.057,9804
20230103_29,S136.P01,17.104,117827
20230103_29,S128.P01,17.483,33005
20230103_29,S105.P04,17.89,4336
20230103_29,S147.P03,19.201,19891
20230103_29,T091.P08,25.165,23604
20230103_30,M071.P01,2.74,44507
20230103_30,M045.P02,3.369,392291
20230103_30,M045.P07,4.363,1014859
20230103_30,M069.P05,4.804,55734
20230103_30,N108.P01,7.167,12010
20230103_30,N070.P03,8.92,4652
20230103_30,N093.P02,9.158,28271
20230103_30,N059.P06,9.224,114458
20230103_30,Q081.P01,9.459,6732
20230103_30,Q054.P01,9.506,4546
20230103_30,R085.P01,12.74,13288
20230103_30,S100.P01,15.793,1202
20230103_30,S113.P01,15.85,33107
20230103_30,S133.P01,16.113,462229
20230103_30,S084.P01,16.198,11162
20230103_30,S150.P01,17.014,84408
20230103_30,S099.P01,17.055,11407
20230103_30,S136.P01,17.104,158976
20230103_30,S128.P01,17.483,16278
20230103_30,S105.P04,17.902,17984
20230103_30,S095.P01,18.166,5023
20230103_30,T091.P08,25.167,25791
20230103_33,M045.P02,3.315,83468
20230103_33,M044.P03,3.417,47871
20230103_33,M045.P07,4.375,758680
20230103_33,M069.P05,4.795,46611
20230103_33,M109.P01,5.548,26192
20230103_33,N057.P07,7.634,143699
20230103_33,N057.P10,8.642,42652
20230103_33,N093.P02,9.073,0
20230103_33,N059.P06,9.17,57947
20230103_33,N094.P04,9.333,15553
20230103_33,Q081.P01,9.451,5029
20230103_33,Q054.P01,9.503,6671
20230103_33,Q125.P01,9.907,0
20230103_33,Q085.P01,10.267,22567
20230103_33,Q113.P02,11.065,4581
20230103_33,Q069.P02,11.327,3137
20230103_33,R085.P01,12.726,31065
20230103_33,S100.P01,15.79,6571
20230103_33,S113.P01,15.841,41701
20230103_33,S133.P01,16.113,434471
20230103_33,S084.P01,16.2,1495
20230103_33,S150.P01,17.015,57384
20230103_33,S136.P01,17.104,134085
20230103_33,S105.P04,17.92,7017
20230103_33,T091.P08,25.165,30333
20230103_35,M045.P07,4.359,639287
20230103_35,M069.P05,4.713,4176
20230103_35,N108.P01,7.26,10042
20230103_35,N093.P02,9.16,17250
20230103_35,N059.P06,9.257,123480
20230103_35,N094.P04,9.348,30531
20230103_35,Q128.P02,9.496,2684
20230103_35,Q054.P01,9.501,4141
20230103_35,Q081.P01,9.547,3299
20230103_35,Q069.P02,11.41,3303
20230103_35,R085.P01,12.753,11338
20230103_35,S113.P01,15.86,43841
20230103_35,S133.P01,16.114,459471
20230103_35,S084.P01,16.201,20859
20230103_35,S150.P01,17.019,80418
20230103_35,S099.P01,17.089,7258
20230103_35,S136.P01,17.108,151628
20230103_35,S105.P04,17.927,4066
20230103_35,T091.P08,25.16,10301
20230103_35,T073.P04,29.59,6630
20230103_38,M045.P06,3.971,181363
20230103_38,M045.P07,4.366,827880
20230103_38,M059.P04.2,4.568,29078
20230103_38,M055.P05,4.643,16728
20230103_38,M069.P05,4.804,6875
20230103_38,M109.P01,5.623,0
20230103_38,N093.P02,9.15,0
20230103_38,Q081.P01,9.465,5369
20230103_38,Q054.P01,9.507,8023
20230103_38,S113.P01,15.865,51124
20230103_38,S133.P01,16.118,427419
20230103_38,S150.P01,17.019,53055
20230103_38,S136.P01,17.117,102583
20230103_38,S105.P04,17.897,12644
20230103_38,T091.P08,25.165,24792
20230103_40,M045.P02,3.364,99494
20230103_40,M044.P03,3.449,38030
20230103_40,M045.P07,4.373,851388
20230103_40,V069.P04,4.436,64617
20230103_40,V056.P03,4.46,10364
20230103_40,M057.P08,4.669,27236
20230103_40,M069.P05,4.813,42176
20230103_40,N056.P02,6.511,7371
20230103_40,N059.P06,9.246,81836
20230103_40,N094.P04,9.361,22574
20230103_40,Q081.P01,9.459,6542
20230103_40,Q059.P01,10.021,17647
20230103_40,R085.P01,12.749,13775
20230103_40,S113.P01,15.854,22871
20230103_40,S133.P01,16.115,453475
20230103_40,S150.P01,17.014,73512
20230103_40,S099.P01,17.069,8056
20230103_40,S136.P01,17.11,128094
20230103_40,S147.P03,19.205,30382
20230103_40,T091.P08,25.169,27669
20230103_43,M045.P02,3.302,404997
20230103_43,M057.P03,3.673,26155
20230103_43,M045.P06,3.974,99341
20230103_43,M045.P07,4.359,233526
20230103_43,N108.P01,7.067,4301
20230103_43,N057.P06,7.727,11998
20230103_43,W116.P01,8.227,0
20230103_43,Q069.P02,11.408,2968
20230103_43,R085.P01,12.785,11192
20230103_46,M043.P03,3.403,74238
20230103_46,V069.P04,4.357,174544
20230103_46,M045.P07,4.364,829225
20230103_46,N094.P04,9.266,21734
20230103_46,Q081.P01,9.45,4523
20230103_46,Q113.P02,11.141,3650
20230103_46,R085.P01,12.761,20068
20230103_46,S113.P01,15.85,30519
20230103_46,S133.P01,16.108,487316
20230103_46,S084.P01,16.19,8167
20230103_46,S150.P01,17.009,67612
20230103_46,S136.P01,17.105,132576
20230103_46,S128.P01,17.523,23539
20230103_46,S105.P04,17.907,9004
20230103_46,T091.P08,25.168,25738
20230103_48,M045.P02,3.312,537551
20230103_48,V069.P04,4.341,104322
20230103_48,M045.P07,4.346,496527
20230103_48,N057.P06,7.677,37056
20230103_48,N093.P02,9.116,0
20230103_48,N059.P06,9.2,106820
20230103_48,N094.P04,9.325,17736
20230103_48,Q081.P01,9.451,8186
20230103_48,Q125.P01,9.888,5429
20230103_48,R085.P01,12.725,42005
20230103_48,S100.P01,15.788,3015
20230103_48,S113.P01,15.842,47159
20230103_48,S133.P01,16.104,444511
20230103_48,S150.P01,17.008,66220
20230103_48,S099.P01,17.07,11862
20230103_48,S136.P01,17.099,143770
20230103_48,S105.P04,17.896,21055
20230103_48,T091.P08,25.156,26567
20230103_50,M056.P02,3.124,10630
20230103_50,M043.P03,3.165,66804
20230103_50,M045.P02,3.203,21065
20230103_50,V069.P04,4.337,158180
20230103_50,M045.P07,4.354,1407220
20230103_50,M073.P01.3,5.14,6146
20230103_50,N058.P02,5.742,21582
20230103_50,N074.P02,7.331,35685
20230103_50,N057.P07,7.674,20016
20230103_50,Q081.P01,9.457,1892
20230103_50,Q059.P01,10.02,13140
20230103_50,R085.P01,12.723,24311
20230103_50,S133.P01,16.104,369792
20230103_50,S084.P01,16.188,6124
20230103_50,S150.P01,17.007,56950
20230103_50,S136.P01,17.101,103360
20230103_50,S105.P04,17.898,9454
20230103_50,S095.P01,18.133,0
20230103_50,S147.P03,19.209,21282
20230103_50,T091.P08,25.16,22240
20230103_53,V069.P04,4.346,165612
20230103_53,M045.P07,4.373,485617
20230103_53,M069.P05,4.813,1423
20230103_53,N056.P02,6.494,7275
20230103_53,N070.P03,8.895,7712
20230103_53,N093.P02,9.142,25848
20230103_53,N094.P04,9.309,31927
20230103_53,Q081.P01,9.439,4136
20230103_53,Q054.P01,9.507,1666
20230103_53,Q085.P01,10.303,40290
20230103_53,R085.P01,12.733,36198
20230103_53,S100.P01,15.779,6888
20230103_53,S113.P01,15.835,38962
20230103_53,S133.P01,16.095,486085
20230103_53,S084.P01,16.184,9272
20230103_53,S099.P01,17.041,7580
20230103_53,S136.P01,17.093,122892
20230103_53,S105.P04,17.87,29117
20230103_53,S114.P02,18.159,12100
20230103_53,S091.P02,18.51,3358
20230103_53,T091.P08,25.152,22331
20230103_56,M056.P02,3.137,8287
20230103_56,M045.P07,4.356,840555
20230103_56,M069.P05,4.792,140433
20230103_56,N057.P06,7.726,8830
20230103_56,N059.P06,9.277,6929
20230103_56,Q081.P01,9.437,5428
20230103_56,Q059.P01,10.017,7286
20230103_56,R085.P01,12.724,19370
20230103_56,S113.P01,15.833,27204
20230103_56,S133.P01,16.098,423138
20230103_56,S084.P01,16.186,8634
20230103_56,S150.P01,17.002,72783
20230103_56,S136.P01,17.09,137747
20230103_56,S105.P04,17.893,7831
20230103_56,S095.P01,18.143,6520
20230103_56,T057.P13,30.373,3505
20230103_57,M071.P01,2.828,176692
20230103_57,M044.P03,3.407,18882
20230103_57,M043.P08,4.067,44311
20230103_57,M045.P07,4.354,481869
20230103_57,M057.P08,4.643,4037
20230103_57,M073.P01.3,5.236,0
20230103_57,M109.P01,5.62,0
20230103_57,N056.P02,6.537,2650
20230103_57,N093.P02,9.138,3868
20230103_57,Q054.P01,9.441,1867
20230103_57,Q081.P01,9.462,1465
20230103_57,Q128.P02,9.483,1865
20230103_57,Q105.P04,10.957,12775
20230103_57,R085.P01,12.781,7826
20230103_57,S113.P01,15.859,13159
20230103_57,S100.P01,15.872,0
20230103_57,S133.P01,16.126,165222
20230103_57,S084.P01,16.188,12104
20230103_57,S105.P04,17.9,4231
20230103_57,S095.P01,18.178,2079
20230103_57,T073.P04,29.53,4362
20230103_60,M071.P01,2.738,98858
20230103_60,M043.P03,3.033,73037
20230103_60,V069.P04,4.341,47923
20230103_60,M045.P07,4.35,442293
20230103_60,M059.P04.2,4.487,44782
20230103_60,M069.P05,4.784,12817
20230103_60,N056.P02,6.524,3323
20230103_60,N074.P02,7.33,337524
20230103_60,N057.P06,7.698,5784
20230103_60,N093.P02,9.143,57232
20230103_60,N094.P04,9.372,19970
20230103_60,Q081.P01,9.45,4726
20230103_60,Q125.P01,9.899,0
20230103_60,Q108.P04,10.818,11865
20230103_60,S113.P01,15.834,6725
20230103_60,S133.P01,16.118,128534
20230103_60,S072.P01,16.623,5545
20230103_60,S150.P01,17.011,31565
20230103_60,S099.P01,17.06,20794
20230103_60,S105.P04,17.909,11385
20230103_63,M071.P01,2.804,23024
20230103_63,M043.P03,2.984,86239
20230103_63,M045.P07,4.338,1001851
20230103_63,V069.P04,4.339,161613
20230103_63,M059.P04.2,4.57,17432
20230103_63,M069.P05,4.693,5055
20230103_63,N057.P07,7.63,12688
20230103_63,N057.P06,7.65,6919
20230103_63,W116.P01,8.22,0
20230103_63,N059.P06,9.171,47534
20230103_63,N044.P11,9.223,2574
20230103_63,N094.P04,9.268,20172
20230103_63,Q054.P01,9.422,2852
20230103_63,Q081.P01,9.439,4532
20230103_63,Q097.P03,11.313,4795
20230103_63,R085.P01,12.717,22911
20230103_63,S100.P01,15.787,0
20230103_63,S113.P01,15.829,24222
20230103_63,S133.P01,16.1,398488
20230103_63,S131.P01,16.168,7298
20230103_63,S136.P01,17.093,118540
20230103_63,S114.P02,18.181,9095
20230103_64,V069.P04,4.348,97928
20230103_64,M045.P07,4.361,1063775
20230103_64,M057.P08,4.653,21177
20230103_64,M069.P05,4.797,46585
20230103_64,M073.P01.3,5.152,5099
20230103_64,N057.P06,7.702,13281
20230103_64,N059.P06,9.233,60193
20230103_64,Q081.P01,9.443,4897
20230103_64,Q122.P02,10.276,19102
20230103_64,R085.P01,12.728,9165
20230103_64,S100.P01,15.824,0
20230103_64,S133.P01,16.104,434652
20230103_64,S084.P01,16.189,5528
20230103_64,S150.P01,17.005,81580
20230103_64,S136.P01,17.099,142015
20230103_64,S105.P04,17.908,10645
20230103_64,T091.P08,25.166,24555
20230103_65,M043.P03,3.044,64757
20230103_65,M045.P07,4.343,834089
20230103_65,V069.P04,4.345,171284
20230103_65,M069.P05,4.785,40275
20230103_65,N056.P02,6.497,6311
20230103_65,W059.P01,6.787,6017
20230103_65,N044.P11,9.162,18136
20230103_65,N059.P06,9.168,66883
20230103_65,N094.P04,9.249,13403
20230103_65,Q081.P01,9.44,3315
20230103_65,Q054.P01,9.493,3743
20230103_65,R085.P01,12.712,16631
20230103_65,S113.P01,15.839,31953
20230103_65,S100.P01,15.847,0
20230103_65,S133.P01,16.102,433871
20230103_65,S084.P01,16.188,12596
20230103_65,S150.P01,17.004,82481
20230103_65,S099.P01,17.054,7251
20230103_65,S136.P01,17.093,150780
20230103_65,S105.P04,17.895,11279
20230103_65,T091.P08,25.159,21418
20230103_68,M057.P02,3.136,8497
20230103_68,M045.P02,3.377,5918
20230103_68,M044.P03,3.437,39807
20230103_68,M045.P07,4.356,729647
20230103_68,N093.P02,9.144,8140
20230103_68,N044.P11,9.232,8047
20230103_68,N059.P06,9.242,38155
20230103_68,N094.P04,9.25,13675
20230103_68,Q081.P01,9.453,1070
20230103_68,Q059.P01,10.077,9587
20230103_68,R085.P01,12.727,8441
20230103_68,S113.P01,15.84,24271
20230103_68,S133.P01,16.104,391472
20230103_68,S084.P01,16.181,6463
20230103_68,S150.P01,17.008,56724
20230103_68,S099.P01,17.053,2524
20230103_68,S136.P01,17.104,107441
20230103_68,T091.P08,25.166,18398
20230103_71,M071.P01,2.738,67743
20230103_71,M056.P02,3.131,26510
20230103_71,M045.P02,3.291,6849
20230103_71,M045.P07,4.351,263305
20230103_71,M109.P01,5.607,0
20230103_71,N070.P03,8.924,1221
20230103_71,N093.P02,9.146,6456
20230103_71,Q081.P01,9.45,4770
20230103_71,S133.P01,16.134,88565
20230103_71,S084.P01,16.197,5587
20230103_71,S136.P01,17.16,5658
20230103_71,S105.P04,17.904,3130
20230103_71,S095.P01,18.19,3646
20230103_71,S114.P02,18.253,0
20230103_71,T091.P08,25.185,1947
20230103_74,M045.P02,3.266,14318
20230103_74,M045.P07,4.35,698872
20230103_74,M059.P04.2,4.56,855556
20230103_74,N056.P02,6.513,4829
20230103_74,N059.P06,9.198,65686
20230103_74,N094.P04,9.257,21035
20230103_74,Q081.P01,9.437,8113
20230103_74,R085.P01,12.733,9452
20230103_74,S113.P01,15.843,28385
20230103_74,S133.P01,16.106,385683
20230103_74,S084.P01,16.192,7471
20230103_74,S131.P01,16.247,2227
20230103_74,S150.P01,17.008,49168
20230103_74,S099.P01,17.056,5766
20230103_74,S136.P01,17.104,99212
20230103_74,S105.P04,17.903,14878
20230103_74,S147.P03,19.214,18432
20230103_74,T091.P08,25.163,22325
20230111_04,M056.P02,3.137,16803
20230111_04,M057.P02,3.142,11709
20230111_04,M044.P03,3.423,24642
20230111_04,M045.P07,4.35,950888
20230111_04,M057.P08,4.656,10891
20230111_04,M069.P05,4.8,28175
20230111_04,M073.P01.3,5.157,7204
20230111_04,N108.P01,7.12,89488
20230111_04,N093.P02,9.159,28938
20230111_04,N059.P06,9.238,30431
20230111_04,Q081.P01,9.462,6990
20230111_04,Q122.P02,10.279,21957
20230111_04,R085.P01,12.746,16965
20230111_04,S113.P01,15.863,22552
20230111_04,S133.P01,16.117,434335
20230111_04,S084.P01,16.198,25099
20230111_04,S150.P01,17.02,87364
20230111_04,S136.P01,17.115,164909
20230111_04,S105.P04,17.925,10983
20230111_04,S095.P01,18.196,3088
20230111_04,S147.P03,19.249,52333
20230111_04,T091.P08,25.187,22639
20230111_06,M041.P04,3.417,46714
20230111_06,M045.P07,4.357,1371953
20230111_06,M069.P05,4.723,0
20230111_06,N056.P02,6.529,5975
20230111_06,N059.P06,9.286,111269
20230111_06,Q081.P01,9.455,6061
20230111_06,Q054.P01,9.511,2882
20230111_06,R085.P01,12.772,23834
20230111_06,S100.P01,15.848,1732
20230111_06,S113.P01,15.864,42368
20230111_06,S133.P01,16.119,502698
20230111_06,S084.P01,16.202,6649
20230111_06,S150.P01,17.023,60349
20230111_06,S136.P01,17.129,101507
20230111_06,S105.P04,17.913,12503
20230111_06,S147.P03,19.269,26065
20230111_06,T091.P08,25.172,28999
20230111_07,M056.P02,3.124,25570
20230111_07,V069.P04,4.364,68820
20230111_07,M045.P07,4.37,452656
20230111_07,N093.P02,9.161,1072
20230111_07,N094.P04,9.347,1693
20230111_07,Q081.P01,9.465,3299
20230111_07,Q122.P02,10.28,10865
20230111_07,Q108.P04,10.832,17995
20230111_07,S133.P01,16.145,180518
20230111_07,S084.P01,16.207,3702
20230111_07,S150.P01,17.032,40376
20230111_07,S136.P01,17.194,24431
20230111_07,S105.P04,17.963,5649
20230111_07,S091.P02,18.442,1245
20230111_08,M071.P01,2.813,27304
20230111_08,M045.P07,4.347,160409
20230111_08,M059.P04.2,4.39,95148
20230111_08,V069.P04,4.393,43299
20230111_08,M109.P01,5.551,9580
20230111_08,N070.P03,8.957,0
20230111_08,N093.P02,9.15,10396
20230111_08,N059.P06,9.255,21943
20230111_08,Q081.P01,9.458,2030
20230111_08,S113.P01,15.848,16613
20230111_08,S133.P01,16.125,207974
20230111_08,S084.P01,16.197,2947
20230111_08,S131.P01,16.213,17589
20230111_08,S150.P01,17.026,26905
20230111_08,S099.P01,17.08,11474
20230111_08,S136.P01,17.152,22891
20230111_08,S105.P04,17.893,5489
20230111_08,S147.P03,19.281,8533
20230111_08,T091.P08,25.186,4183
20230111_09,M057.P02,3.122,10309
20230111_09,M045.P07,4.354,488249
20230111_09,V069.P04,4.403,23495
20230111_09,M057.P08,4.653,12458
20230111_09,N073.P01,5.985,13420
20230111_09,N108.P01,7.073,16033
20230111_09,N074.P02,7.332,64894
20230111_09,N093.P02,9.155,1936
20230111_09,Q081.P01,9.459,4447
20230111_09,Q122.P02,10.283,12176
20230111_09,Q057.P09,10.757,6151
20230111_09,R085.P01,12.788,7753
20230111_09,S113.P01,15.859,13174
20230111_09,S133.P01,16.136,165202
20230111_09,S131.P01,16.256,7791
20230111_09,S136.P01,17.168,14221
20230111_09,S105.P04,17.933,2736
20230111_09,S095.P01,18.24,0
20230111_09,S147.P03,19.307,9750
20230111_11,M045.P07,4.362,1244869
20230111_11,M069.P05,4.801,15547
20230111_11,M109.P01,5.593,3516
20230111_11,Q081.P01,9.455,7241
20230111_11,Q125.P01,9.925,1824
20230111_11,R085.P01,12.768,35598
20230111_11,S113.P01,15.858,48514
20230111_11,S133.P01,16.112,532458
20230111_11,S084.P01,16.197,12018
20230111_11,S150.P01,17.011,70512
20230111_11,S136.P01,17.11,135184
20230111_11,S105.P04,17.908,16379
20230111_11,S091.P02,18.507,6502
20230111_11,T091.P08,25.163,32326
20230111_12,M071.P01,2.749,62416
20230111_12,M045.P07,4.361,833013
20230111_12,M057.P08,4.643,39938
20230111_12,M069.P05,4.797,79953
20230111_12,Q081.P01,9.448,7862
20230111_12,Q113.P02,11.153,5550
20230111_12,R085.P01,12.753,17517
20230111_12,S100.P01,15.833,3129
20230111_12,S113.P01,15.857,56694
20230111_12,S133.P01,16.111,560332
20230111_12,S084.P01,16.196,13926
20230111_12,S150.P01,17.012,92606
20230111_12,S099.P01,17.066,5826
20230111_12,S136.P01,17.111,185671
20230111_12,S105.P04,17.897,23658
20230111_12,S114.P02,18.181,18911
20230111_12,T091.P08,25.164,31987
20230111_13,M043.P03,3.037,11135
20230111_13,M043.P08,4.083,29269
20230111_13,V069.P04,4.367,207897
20230111_13,W116.P01,8.199,1239
20230111_13,N093.P02,9.163,1900
20230111_13,Q054.P01,9.39,2848
20230111_13,Q128.P02,9.394,17804
20230111_13,Q081.P01,9.454,4014
20230111_13,Q125.P01,9.932,2376
20230111_13,Q122.P02,10.273,23764
20230111_13,R085.P01,12.817,4127
20230111_13,S113.P01,15.878,51928
20230111_13,S133.P01,16.115,577523
20230111_13,S084.P01,16.2,13896
20230111_13,S136.P01,17.123,125595
20230111_13,S105.P04,17.92,8934
20230111_13,T091.P08,25.175,27866
20230111_15,M045.P07,4.38,1156166
20230111_15,N056.P02,6.558,3022
20230111_15,N057.P07,7.583,151000
20230111_15,N057.P10,8.601,55782
20230111_15,N059.P06,9.153,145497
20230111_15,N094.P04,9.304,49397
20230111_15,Q081.P01,9.456,6596
20230111_15,Q085.P01,10.25,44937
20230111_15,R085.P01,12.717,32345
20230111_15,S100.P01,15.787,3713
20230111_15,S113.P01,15.84,45752
20230111_15,S133.P01,16.113,501853
20230111_15,S084.P01,16.202,13002
20230111_15,S150.P01,17.014,65126
20230111_15,S136.P01,17.104,165758
20230111_15,S128.P01,17.517,7287
20230111_15,S105.P04,17.91,11304
20230111_15,T091.P08,25.166,29192
20230111_16,M043.P03,3.362,34807
20230111_16,M041.P04,3.403,111449
20230111_16,M045.P07,4.359,612252
20230111_16,N056.P02,6.529,13742
20230111_16,N059.P06,9.279,192216
20230111_16,Q081.P01,9.453,8418
20230111_16,R085.P01,12.762,42010
20230111_16,R056.P03,13.881,5335
20230111_16,S113.P01,15.863,55479
20230111_16,S133.P01,16.119,422000
20230111_16,S084.P01,16.203,7411
20230111_16,S150.P01,17.021,56741
20230111_16,S136.P01,17.119,108469
20230111_16,S105.P04,17.88,6590
20230111_16,S147.P03,19.24,26127
20230111_16,T091.P08,25.171,21284
20230111_18,M044.P03,3.457,54903
20230111_18,M045.P07,4.374,1018947
20230111_18,V069.P04,4.381,204009
20230111_18,M059.P04.2,4.547,33222
20230111_18,M069.P05,4.817,119785
20230111_18,N057.P06,7.7,11760
20230111_18,N093.P02,9.161,12555
20230111_18,N044.P11,9.211,16275
20230111_18,N059.P06,9.22,20944
20230111_18,Q054.P01,9.434,2334
20230111_18,Q081.P01,9.457,3864
20230111_18,R085.P01,12.749,24618
20230111_18,S100.P01,15.834,0
20230111_18,S113.P01,15.846,25694
20230111_18,S133.P01,16.12,500386
20230111_18,S150.P01,17.02,80057
20230111_18,S136.P01,17.113,159341
20230111_18,S105.P04,17.92,14294
20230111_18,S147.P03,19.222,22324
20230111_18,T091.P08,25.18,29926
20230111_19,M045.P02,3.307,13458
20230111_19,M043.P03,3.346,35919
20230111_19,M041.P04,3.413,68927
20230111_19,V069.P04,4.354,157827
20230111_19,M045.P07,4.356,413618
20230111_19,M059.P04.2,4.384,44986
20230111_19,N108.P01,7.143,14513
20230111_19,N059.P06,9.294,98848
20230111_19,Q081.P01,9.461,5428
20230111_19,Q128.P02,9.492,2649
20230111_19,R085.P01,12.774,19718
20230111_19,S100.P01,15.817,3446
20230111_19,S113.P01,15.871,41686
20230111_19,S133.P01,16.121,556302
20230111_19,S136.P01,17.132,91459
20230111_19,S105.P04,17.918,18687
20230111_19,S114.P02,18.193,4999
20230111_19,T091.P08,25.177,26416
20230111_20,M056.P02,3.167,9511
20230111_20,M045.P02,3.286,849314
20230111_20,M057.P03,3.687,11065
20230111_20,M043.P08,4.024,30940
20230111_20,M045.P07,4.365,468621
20230111_20,M055.P05,4.713,9156
20230111_20,M057.P08,4.731,24164
20230111_20,N108.P01,7.077,4925
20230111_20,N074.P02,7.343,125489
20230111_20,N093.P02,9.161,3228
20230111_20,Q081.P01,9.471,6587
20230111_20,Q120.P01,11.593,2395
20230111_20,S113.P01,15.78,0
20230111_20,S133.P01,16.138,168274
20230111_20,S084.P01,16.205,11805
20230111_20,S150.P01,17.031,27137
20230111_20,S095.P01,18.24,0
20230111_20,S147.P03,19.299,8434
20230111_22,M043.P03,3.003,1544134
20230111_22,M044.P03,3.427,24348
20230111_22,M045.P07,4.356,165244
20230111_22,M059.P04.2,4.496,93370
20230111_22,M109.P01,5.56,10040
20230111_22,N056.P02,6.569,2404
20230111_22,N057.P06,7.689,30215
20230111_22,N059.P06,9.286,27589
20230111_22,Q081.P01,9.473,1176
20230111_22,Q057.P09,10.709,7158
20230111_22,Q097.P03,11.395,1017
20230111_22,Q069.P02,11.411,4021
20230111_22,R085.P01,12.765,11957
20230111_22,S113.P01,15.86,13895
20230111_22,S133.P01,16.134,179518
20230111_22,S131.P01,16.222,15809
20230111_22,S084.P01,16.274,1153
20230111_22,S150.P01,17.036,27367
20230111_22,S136.P01,17.149,27002
20230111_22,S105.P04,17.91,5480
20230111_22,S114.P02,18.225,6106
20230111_22,S147.P03,19.287,9612
20230111_22,T091.P08,25.195,3737
20230111_24,M056.P02,3.186,5716
20230111_24,M045.P07,4.373,1427104
20230111_24,V069.P04,4.42,38620
20230111_24,M069.P05,4.72,4457
20230111_24,N070.P03,8.965,3849
20230111_24,Q081.P01,9.467,7637
20230111_24,Q054.P01,9.516,2989
20230111_24,R085.P01,12.807,8286
20230111_24,S100.P01,15.863,0
20230111_24,S113.P01,15.877,50670
20230111_24,S133.P01,16.125,505059
20230111_24,S150.P01,17.026,91197
20230111_24,S136.P01,17.125,165421
20230111_26,M045.P02,3.229,485711
20230111_26,M045.P07,4.359,192669
20230111_26,M069.P05,4.818,4474
20230111_26,W116.P01,8.225,1496
20230111_26,Q122.P02,10.282,11546
20230111_26,R085.P01,12.78,7838
20230111_26,S133.P01,16.14,208801
20230111_26,S084.P01,16.21,14262
20230111_26,S150.P01,17.031,29157
20230111_26,S099.P01,17.109,5949
20230111_26,S136.P01,17.167,27789
20230111_26,S105.P04,17.917,11345
20230111_26,S147.P03,19.306,9301
20230111_26,T073.P04,29.594,6327
20230111_27,M043.P08,3.988,552007
20230111_27,M045.P07,4.37,1269862
20230111_27,M069.P05,4.801,95396
20230111_27,M057.P10,5.439,19269
20230111_27,N056.P02,6.555,12599
20230111_27,N093.P02,9.075,2699
20230111_27,Q081.P01,9.46,8071
20230111_27,Q128.P02,9.506,3538
20230111_27,Q054.P01,9.513,3859
20230111_27,R085.P01,12.793,26373
20230111_27,S113.P01,15.873,55099
20230111_27,S133.P01,16.123,527257
20230111_27,S150.P01,17.021,94160
20230111_27,S136.P01,17.118,185210
20230111_27,S105.P04,17.887,11647
20230111_27,S114.P02,18.22,4628
20230111_29,V069.P04,4.378,87053
20230111_29,M045.P07,4.382,408860
20230111_29,M057.P08,4.676,11568
20230111_29,N108.P01,7.077,8090
20230111_29,N094.P04,9.357,3390
20230111_29,Q081.P01,9.477,1342
20230111_29,R085.P01,12.817,2976
20230111_29,S133.P01,16.147,213648
20230111_29,S084.P01,16.212,9000
20230111_29,S095.P01,18.233,4471
20230111_30,M071.P01,2.764,658842
20230111_30,M045.P07,4.385,331055
20230111_30,M057.P08,4.684,6295
20230111_30,M069.P05,4.834,4299
20230111_30,N093.P02,9.166,200161
20230111_30,Q054.P01,9.46,1038
20230111_30,Q081.P01,9.547,6226
20230111_30,Q057.P09,10.755,2721
20230111_30,S113.P01,15.871,7307
20230111_30,S133.P01,16.155,146654
20230111_30,S150.P01,17.042,31531
20230111_30,S136.P01,17.181,12611
20230111_30,T091.P08,25.229,5299
20230111_31,M045.P02,3.283,7580
20230111_31,M045.P07,4.374,490830
20230111_31,N074.P02,7.34,17282
20230111_31,N093.P02,9.155,2165
20230111_31,R085.P01,12.817,3486
20230111_31,S113.P01,15.873,17574
20230111_31,S133.P01,16.151,170878
20230111_31,S084.P01,16.209,20857
20230111_31,S133.P01,16.606,4711
20230111_31,S099.P01,17.103,13950
20230111_31,S150.P01,17.107,0
20230111_31,S136.P01,17.171,31914
20230111_31,S105.P04,17.944,2063
20230111_31,T073.P04,29.593,9165
20230626_05,M045.P07,4.368,288035
20230626_05,V069.P04,4.443,17357
20230626_05,M055.P05,4.659,6525
20230626_05,W116.P01,8.217,0
20230626_05,N070.P03,8.97,1055
20230626_05,Q054.P01,9.453,2722
20230626_05,Q081.P01,9.464,2448
20230626_05,Q122.P02,10.279,8935
20230626_05,Q108.P04,10.821,15050
20230626_05,R085.P01,12.801,5325
20230626_05,S113.P01,15.874,11204
20230626_05,S084.P01,16.202,4559
20230626_05,S150.P01,17.035,21462
20230626_05,S136.P01,17.193,14511
20230626_05,S105.P04,17.954,4961
20230626_09,M056.P02,3.07,34035
20230626_09,M045.P06,3.979,49862
20230626_09,V069.P04,4.353,84971
20230626_09,M045.P07,4.44,688891
20230626_09,N058.P02,5.752,1377843
20230626_09,N108.P01,7.243,7151
20230626_09,N093.P02,9.144,648987
20230626_09,Q081.P01,9.437,235960
20230626_09,Q057.P09,10.673,283145
20230626_09,Q108.P04,10.814,24670
20230626_09,R085.P01,12.687,104592
20230626_09,S084.P01,16.19,33679
20230626_09,S150.P01,17.024,22300
20230626_09,S099.P01,17.133,5025
20230626_09,S136.P01,17.172,5938
20230626_09,S105.P04,17.934,2276
20230626_09,T071.P01,23.056,99700
20230626_09,T091.P08,25.201,5040
20230626_11,M045.P06,4.025,82648
20230626_11,V069.P04,4.34,17255
20230626_11,M045.P07,4.357,431708
20230626_11,M069.P05,4.779,5395
20230626_11,M057.P10,5.477,59748
20230626_11,N057.P06,7.553,32435
20230626_11,N059.P06,9.227,16016
20230626_11,N094.P04,9.283,25347
20230626_11,Q081.P01,9.445,2387
20230626_11,Q054.P01,9.492,2214
20230626_11,Q059.P01,10.03,8863
20230626_11,Q085.P01,10.248,13988
20230626_11,Q122.P02,10.267,12860
20230626_11,Q057.P09,10.67,18639
20230626_11,Q108.P04,10.812,23563
20230626_11,R085.P01,12.723,20459
20230626_11,S100.P01,15.823,2560
20230626_11,S113.P01,15.831,28722
20230626_11,S131.P01,16.273,2269
20230626_11,S150.P01,17.013,28172
20230626_11,S136.P01,17.124,43740
20230626_11,S105.P04,17.887,6238
20230626_11,S114.P02,18.223,1811
20230626_11,T071.P01,23.052,66123
20230626_11,T091.P08,25.178,12996
20230626_11,T073.P04,29.497,3298
20230626_13,M045.P06,4.033,45703
20230626_13,M045.P07,4.313,162065
20230626_13,V069.P04,4.343,128514
20230626_13,N058.P02,5.717,40922
20230626_13,N108.P01,7.231,13029
20230626_13,N057.P07,7.607,8507
20230626_13,N057.P06,7.651,13835
20230626_13,N059.P06,9.177,36681
20230626_13,N094.P04,9.294,28184
20230626_13,Q081.P01,9.437,1817
20230626_13,Q059.P01,10.07,2136
20230626_13,Q057.P09,10.676,14531
20230626_13,Q120.P01,11.573,2015
20230626_13,R085.P01,12.729,22655
20230626_13,S113.P01,15.837,22052
20230626_13,S084.P01,16.182,2654
20230626_13,S131.P01,16.22,4973
20230626_13,S136.P01,17.129,27108
20230626_13,S105.P04,17.897,7028
20230626_13,S105.P04,17.987,5852
20230626_13,S147.P03,19.307,11512
20230626_13,T071.P01,23.053,91246
20230626_13,T091.P08,25.18,13051
20230626_15,M056.P02,3.153,10810
20230626_15,M045.P06,4.024,83774
20230626_15,V069.P04,4.35,132663
20230626_15,M045.P07,4.353,834339
20230626_15,M057.P08,4.703,41874
20230626_15,N108.P01,7.203,17679
20230626_15,N057.P07,7.5,54347
20230626_15,N057.P10,8.539,59810
20230626_15,N044.P11,9.109,21650
20230626_15,N059.P06,9.12,85859
20230626_15,N094.P04,9.307,15923
20230626_15,Q081.P01,9.444,3471
20230626_15,Q125.P01,9.833,4277
20230626_15,Q085.P01,10.234,4270
20230626_15,Q122.P02,10.26,14683
20230626_15,Q097.P03,11.343,1301
20230626_15,R085.P01,12.702,40061
20230626_15,R099.P01,13.398,4770
20230626_15,S100.P01,15.781,5658
20230626_15,S113.P01,15.827,41828
20230626_15,S084.P01,16.177,6170
20230626_15,S131.P01,16.197,10852
20230626_15,S150.P01,17.003,26562
20230626_15,S136.P01,17.096,83027
20230626_15,S105.P04,17.887,14409
20230626_15,S114.P02,18.184,5840
20230626_15,S147.P03,19.313,2482
20230626_15,T091.P08,25.159,31261
20230626_16,M071.P01,2.734,260466
20230626_16,M045.P02,3.223,192078
20230626_16,M044.P03,3.411,20172
20230626_16,M045.P06,3.977,265141
20230626_16,M043.P08,3.985,113822
20230626_16,M045.P07,4.374,416246
20230626_16,V056.P03,4.559,22336
20230626_16,M069.P05,4.791,8746
20230626_16,W059.P01,6.798,7419
20230626_16,N057.P06,7.68,72298
20230626_16,N093.P02,9.133,4773
20230626_16,N044.P11,9.208,48426
20230626_16,N059.P06,9.213,40139
20230626_16,Q081.P01,9.443,4284
20230626_16,Q125.P01,9.937,0
20230626_16,Q085.P01,10.269,48002
20230626_16,R085.P01,12.729,35212
20230626_16,S100.P01,15.808,4454
20230626_16,S113.P01,15.836,45224
20230626_16,S084.P01,16.185,2180
20230626_16,S150.P01,17.007,28341
20230626_16,S136.P01,17.113,71716
20230626_16,S105.P04,17.867,4931
20230626_16,T091.P08,25.154,30846
20230626_18,M056.P02,3.17,6012
20230626_18,M045.P07,4.353,490230
20230626_18,M057.P10,5.531,55345
20230626_18,W059.P01,6.777,7189
20230626_18,N108.P01,7.263,14465
20230626_18,N057.P07,7.568,8754
20230626_18,N093.P02,9.14,7248
20230626_18,Q081.P01,9.452,5467
20230626_18,Q059.P01,10.123,3079
20230626_18,Q122.P02,10.27,10233
20230626_18,Q108.P04,10.86,0
20230626_18,R085.P01,12.81,9184
20230626_18,S113.P01,15.872,22224
20230626_18,S150.P01,17.013,25103
20230626_18,S136.P01,17.159,21778
20230626_18,S105.P04,17.911,10276
20230626_18,T055.P04,24.61,3917
20230626_18,T091.P08,25.182,12611
20230626_20,M045.P06,4.022,86615
20230626_20,V069.P04,4.324,44225
20230626_20,M069.P05,4.787,6914
20230626_20,N057.P06,7.56,32798
20230626_20,N093.P02,9.141,45729
20230626_20,N059.P06,9.153,64920
20230626_20,N094.P04,9.285,37460
20230626_20,Q081.P01,9.448,2727
20230626_20,Q122.P02,10.26,11911
20230626_20,S084.P01,16.181,9154
20230626_20,S150.P01,17.015,21710
20230626_20,S099.P01,17.044,9465
20230626_20,S136.P01,17.129,26016
20230626_20,S105.P04,17.901,8575
20230626_20,S095.P01,18.146,13536
20230626_20,T091.P08,25.178,13707
20230626_20,T057.P13,30.36,0
20230626_21,M071.P01,2.729,261324
20230626_21,M043.P03,2.996,218803
20230626_21,M057.P03,3.64,17218
20230626_21,V069.P04,4.343,88401
20230626_21,M045.P07,4.345,660750
20230626_21,N056.P02,6.517,1951
20230626_21,N057.P07,7.681,12404
20230626_21,N094.P04,9.343,7238
20230626_21,Q081.P01,9.448,3814
20230626_21,Q059.P01,10.123,4902
20230626_21,Q122.P02,10.267,12954
20230626_21,Q108.P04,10.815,22877
20230626_21,R085.P01,12.747,16208
20230626_21,S113.P01,15.845,18069
20230626_21,S150.P01,17.014,41525
20230626_21,S136.P01,17.134,42460
20230626_21,T091.P08,25.181,12948
20230626_22,M057.P02,3.149,16833
20230626_22,M043.P03,3.15,67777
20230626_22,M055.P05,4.61,158795
20230626_22,M057.P08,4.804,15880
20230626_22,M043.P13,5.17,28094
20230626_22,Q081.P01,9.387,0
20230626_22,R129.P03,14.361,0
20230626_24,V069.P04,4.425,124412
20230626_24,M045.P07,4.428,516266
20230626_24,M057.P08,4.729,7358
20230626_24,M069.P05,4.866,5289
20230626_24,N073.P01,5.896,29239
20230626_24,Q081.P01,9.484,3593
20230626_24,Q059.P01,10.109,6671
20230626_24,Q122.P02,10.294,12115
20230626_24,Q108.P04,10.848,19227
20230626_24,Q105.P04,10.933,125888
20230626_24,S113.P01,15.81,1990
20230626_24,S100.P01,15.875,0
20230626_24,S084.P01,16.212,2630
20230626_27,M057.P02,3.146,7890
20230626_27,M056.P02,3.17,6151
20230626_27,M045.P07,4.383,335742
20230626_27,M069.P05,4.727,1690
20230626_27,N057.P06,7.719,2632
20230626_27,W116.P01,8.234,1569
20230626_27,Q081.P01,9.456,1866
20230626_27,Q059.P01,10.117,5701
20230626_27,Q108.P04,10.839,14466
20230626_27,Q113.P02,11.172,3450
20230626_27,S150.P01,17.05,1014
20230626_27,S095.P01,18.173,5570
20230626_27,T071.P01,23.087,9079
20230626_29,M071.P01,2.732,34825
20230626_29,M045.P07,4.369,445848
20230626_29,M073.P01.3,5.164,1878
20230626_29,Q081.P01,9.464,2390
20230626_29,Q122.P02,10.28,15630
20230626_29,Q108.P04,10.834,17759
20230626_29,Q105.P04,10.923,55066
20230626_29,Q113.P02,11.083,1108
20230626_29,S113.P01,15.829,3861
20230626_29,S150.P01,17.073,2596
20230626_32,M071.P01,2.821,301269
20230626_32,M044.P03,3.46,22905
20230626_32,M045.P06,4.126,127158
20230626_32,V069.P04,4.367,128785
20230626_32,M045.P07,4.369,494250
20230626_32,M059.P04.2,4.4,48360
20230626_32,M057.P08,4.614,28101
20230626_32,M055.P05,4.616,12602
20230626_32,N108.P01,7.204,178244
20230626_32,N057.P07,7.542,22526
20230626_32,N057.P10,8.572,22400
20230626_32,N070.P03,8.998,2092
20230626_32,Q081.P01,9.463,2042
20230626_32,Q054.P01,9.51,1583
20230626_32,Q108.P04,10.829,16039
20230626_32,R085.P01,12.793,9111
20230626_32,S150.P01,17.044,11188
20230626_34,M056.P02,3.194,5942
20230626_34,M045.P06,4.092,90270
20230626_34,V069.P04,4.336,143337
20230626_34,M045.P07,4.34,574318
20230626_34,M059.P04.2,4.433,46870
20230626_34,N056.P02,6.54,2300
20230626_34,N057.P07,7.53,11862
20230626_34,N057.P06,7.678,12259
20230626_34,N057.P10,8.562,14851
20230626_34,N093.P02,9.144,1637
20230626_34,Q081.P01,9.46,2335
20230626_34,Q122.P02,10.268,14615
20230626_34,Q085.P01,10.299,12149
20230626_34,Q108.P04,10.822,20078
20230626_34,R085.P01,12.82,2335
20230626_34,R131.P04,14,5079
20230626_34,R129.P03,14.337,3919
20230626_34,S113.P01,15.85,19756
20230626_34,S133.P01,16.16,72739
20230626_34,S150.P01,17.04,18340
20230626_34,S105.P04,17.98,1550
20230626_34,T071.P01,23.093,22409
20230626_37,M044.P03,3.443,29682
20230626_37,M045.P07,4.339,477652
20230626_37,V069.P04,4.34,46320
20230626_37,M059.P04.2,4.447,24254
20230626_37,M057.P08,4.736,243108
20230626_37,N108.P01,7.24,17685
20230626_37,N057.P07,7.629,10318
20230626_37,N057.P10,8.562,12358
20230626_37,N093.P02,9.148,3789
20230626_37,N059.P06,9.29,18542
20230626_37,Q081.P01,9.462,1563
20230626_37,Q059.P01,10.109,7805
20230626_37,Q122.P02,10.27,12834
20230626_37,Q108.P04,10.821,16575
20230626_37,R085.P01,12.771,8444
20230626_37,S084.P01,16.201,5445
20230626_37,S133.P01,16.203,15062
20230626_37,S072.P01,16.674,4909
20230626_37,S150.P01,17.036,8406
20230626_37,S095.P01,18.218,10998
20230626_38,M071.P01,2.795,29742
20230626_38,M044.P03,3.429,20896
20230626_38,M045.P06,4.091,44929
20230626_38,M045.P07,4.335,364238
20230626_38,V069.P04,4.34,52025
20230626_38,M069.P05,4.783,11529
20230626_38,M043.P13,5.14,19002
20230626_38,M057.P10,5.477,10953
20230626_38,W059.P01,6.784,6542
20230626_38,N057.P07,7.528,11043
20230626_38,N057.P10,8.561,8245
20230626_38,Q081.P01,9.465,0
20230626_38,Q122.P02,10.274,11064
20230626_38,Q108.P04,10.823,15379
20230626_38,R085.P01,12.797,8528
20230626_38,S084.P01,16.185,9953
20230626_38,S043.P03,16.946,1947
20230626_38,T071.P01,23.163,18256
20230904_04,M071.P01,2.805,29223
20230904_04,M043.P03,3.065,80439
20230904_04,M044.P03,3.421,26990
20230904_04,M045.P07,4.353,371054
20230904_04,M059.P04.2,4.503,173975
20230904_04,Q081.P01,9.455,4489
20230904_04,Q128.P02,9.457,0
20230904_04,R085.P01,12.783,12867
20230904_04,R056.P03,13.913,0
20230904_04,S084.P01,16.186,27349
20230904_04,S150.P01,17.033,23543
20230904_04,S095.P01,18.24,8061
20230904_06,M071.P01,2.828,54836
20230904_06,M045.P02,3.342,420271
20230904_06,M043.P08,4.033,57104
20230904_06,M045.P06,4.066,33887
20230904_06,M045.P07,4.349,431569
20230904_06,M055.P05,4.585,6825
20230904_06,N056.P02,6.559,2277
20230904_06,N093.P02,9.125,4073
20230904_06,Q081.P01,9.45,3843
20230904_06,R085.P01,12.793,3656
20230904_06,S113.P01,15.85,19487
20230904_06,S084.P01,16.182,7208
20230904_06,S150.P01,17.104,4202
20230904_06,S105.P04,17.87,7252
20230904_09,M071.P01,2.774,33126
20230904_09,M045.P06,4.103,73130
20230904_09,M045.P07,4.329,583340
20230904_09,M069.P05,4.784,19999
20230904_09,N093.P02,9.13,0
20230904_09,Q081.P01,9.451,0
20230904_09,Q059.P01,10.123,3388
20230904_09,T071.P01,23.072,47183
20230904_12,M071.P01,2.739,148745
20230904_12,M045.P06,4.107,285440
20230904_12,V069.P04,4.354,98440
20230904_12,M045.P07,4.355,1039435
20230904_12,M057.P10,5.499,14668
20230904_12,N093.P02,9.133,3214
20230904_12,Q081.P01,9.447,2729
20230904_12,Q059.P01,10.123,8623
20230904_12,S150.P01,17.036,29979
20230904_16,M056.P02,3.22,6326
20230904_16,M044.P03,3.431,47737
20230904_16,M043.P08,3.997,20023
20230904_16,M045.P07,4.364,456605
20230904_16,M059.P04.2,4.384,98015
20230904_16,M057.P08,4.758,16697
20230904_16,N057.P10,8.567,10467
20230904_16,Q081.P01,9.46,2268
20230904_16,R085.P01,12.795,5439
20230904_16,S084.P01,16.189,14697
20230904_16,S150.P01,17.046,8960
20230904_21,M045.P07,4.345,712117
20230904_21,M069.P05,4.793,7375
20230904_21,N108.P01,7.283,18349
20230904_21,W116.P01,8.202,1536
20230904_21,N093.P02,9.132,2086
20230904_21,Q059.P01,10.124,6454
20230904_21,R085.P01,12.77,11308
20230904_21,S133.P01,16.153,115647
20230904_21,S043.P03,16.944,4521
20230904_21,S150.P01,17.09,3107
20230904_21,T091.P08,25.267,2307
20230904_22,M045.P02,3.347,48656
20230904_22,M045.P07,4.351,551570
20230904_22,M055.P05,4.692,9188
20230904_22,M073.P01.3,5.147,81852
20230904_22,Q081.P01,9.458,4500
20230904_22,Q054.P01,9.462,1313
20230904_22,Q128.P02,9.49,1068
20230904_22,Q059.P01,10.123,6785
20230904_22,S113.P01,15.873,11762
20230904_22,S133.P01,16.169,55518
20230904_22,S084.P01,16.19,13360
20230904_22,S043.P03,16.941,3844
20230904_22,S150.P01,17.039,42941
20230904_22,S095.P01,18.23,4335
20230904_22,T071.P01,23.067,39270
20230904_28,M071.P01,2.847,31554
20230904_28,M044.P03,3.336,37726
20230904_28,M045.P07,4.356,937906
20230904_28,M069.P05,4.8,5415
20230904_28,M057.P10,5.354,31152
20230904_28,N056.P02,6.537,4202
20230904_28,N093.P02,9.137,2249
20230904_28,Q081.P01,9.451,3396
20230904_28,Q059.P01,10.122,2996
20230904_28,S133.P01,16.194,33683
20230904_28,S084.P01,16.202,6330
20230904_28,S072.P01,16.708,7439
20230904_28,S150.P01,17.047,42347
20230904_30,M071.P01,2.797,228496
20230904_30,M043.P08,4.013,58534
20230904_30,M045.P07,4.339,601531
20230904_30,V069.P04,4.34,106564
20230904_30,N057.P07,7.537,11863
20230904_30,N057.P10,8.559,6633
20230904_30,Q081.P01,9.483,6426
20230904_30,Q085.P01,10.297,6862
20230904_30,Q108.P04,10.822,13562
20230904_30,R085.P01,12.797,6999
20230904_30,S113.P01,15.857,9765
20230904_30,S133.P01,16.171,65271
20230904_33,M044.P03,3.407,568779
20230904_33,M057.P03,3.583,339399
20230904_33,M045.P06,4.064,159617
20230904_33,V069.P04,4.32,52331
20230904_33,M069.P05,4.777,53594
20230904_33,N058.P02,5.74,390357
20230904_33,N108.P01,7.21,117284
20230904_33,N093.P02,9.131,82584
20230904_33,N094.P04,9.343,12282
20230904_33,Q081.P01,9.435,95822
20230904_33,Q054.P01,9.479,12405
20230904_33,Q057.P09,10.613,241304
20230904_33,Q108.P04,10.805,23099
20230904_33,R085.P01,12.677,22554
20230904_33,S150.P01,17.017,49030
20230904_33,S095.P01,18.257,2827
20230904_33,T073.P04,29.577,3856
20230904_39,M043.P08,4.03,137514
20230904_39,M045.P07,4.355,341743
20230904_39,M109.P01,5.57,2569
20230904_39,N056.P02,6.557,0
20230904_39,N108.P01,7.073,6446
20230904_39,Q081.P01,9.472,3095
20230904_39,R131.P04,14.177,4029
20230904_39,R129.P03,14.321,6103
20230904_39,S084.P01,16.186,21120
20230904_39,S150.P01,17.042,24804
20230904_40,M071.P01,2.773,100180
20230904_40,M044.P03,3.419,39343
20230904_40,M043.P03,3.42,16885
20230904_40,M045.P06,4.055,156669
20230904_40,M045.P07,4.321,1009291
20230904_40,M057.P08,4.783,28391
20230904_40,N058.P02,5.732,61088
20230904_40,N108.P01,7.233,43193
20230904_40,N057.P07,7.511,18065
20230904_40,N057.P10,8.548,22684
20230904_40,N059.P06,9.264,14649
20230904_40,Q081.P01,9.447,2882
20230904_40,Q108.P04,10.806,20850
20230904_40,R085.P01,12.742,12676
20230904_40,S133.P01,16.128,212809
20230904_40,S084.P01,16.176,28614
20230904_40,S131.P01,16.256,6810
20230904_40,S072.P01,16.703,1425
20230904_40,S150.P01,17.011,7653
20230904_40,S105.P04,17.939,6007
20230904_42,M071.P01,2.779,57835
20230904_42,M041.P04,3.346,38150
20230904_42,M043.P08,4.019,325469
20230904_42,M045.P06,4.03,353266
20230904_42,V069.P04,4.322,97565
20230904_42,N058.P02,5.743,21462
20230904_42,N057.P07,7.51,27909
20230904_42,N057.P06,7.587,22470
20230904_42,N057.P10,8.54,37558
20230904_42,N093.P02,9.133,3883
20230904_42,N044.P11,9.214,16117
20230904_42,N094.P04,9.362,28446
20230904_42,Q081.P01,9.445,11043
20230904_42,Q108.P04,10.805,29688
20230904_42,R085.P01,12.732,15203
20230904_42,S113.P01,15.827,28168
20230904_42,S133.P01,16.119,318830
20230904_42,S084.P01,16.182,5353
20230904_42,S150.P01,17.014,32938
20230904_44,M044.P03,3.428,56794
20230904_44,M045.P06,4.043,4004
20230904_44,M045.P07,4.361,632165
20230904_44,V069.P04,4.42,9500
20230904_44,Q108.P04,10.827,19420
20230904_44,Q069.P02,11.45,2161
20230904_44,R129.P03,14.327,7159
20230904_44,S113.P01,15.819,6169
20230904_44,S084.P01,16.203,6559
20230904_46,M045.P06,4.061,175498
20230904_46,M045.P07,4.335,1129441
20230904_46,V069.P04,4.337,211899
20230904_46,M069.P05,4.781,32367
20230904_46,M109.P01,5.545,18518
20230904_46,N056.P02,6.523,7938
20230904_46,N108.P01,7.211,101584
20230904_46,N057.P07,7.508,56881
20230904_46,N057.P10,8.539,63034
20230904_46,N059.P06,9.283,17104
20230904_46,N094.P04,9.367,20776
20230904_46,Q081.P01,9.448,4407
20230904_46,R085.P01,12.736,20804
20230904_46,S113.P01,15.834,26777
20230904_46,S100.P01,15.844,0
20230904_46,S133.P01,16.131,229077
20230904_46,S084.P01,16.18,10245
20230904_46,S150.P01,17.018,25945
20230904_46,T055.P04,24.697,1625
20230904_50,M071.P01,2.762,1311000
20230904_50,M043.P03,3.332,12768
20230904_50,M044.P03,3.422,35550
20230904_50,M045.P06,4.062,137635
20230904_50,V069.P04,4.336,202959
20230904_50,M045.P07,4.34,1154240
20230904_50,M055.P05,4.597,14063
20230904_50,M069.P05,4.78,34196
20230904_50,N057.P07,7.51,75623
20230904_50,N057.P10,8.545,45729
20230904_50,Q081.P01,9.438,3891
20230904_50,Q059.P01,10.07,18792
20230904_50,Q108.P04,10.812,28532
20230904_50,R085.P01,12.744,15800
20230904_50,R056.P03,13.929,4490
20230904_50,S150.P01,17.022,35838
20230904_50,S095.P01,18.197,10640
20230904_50,T091.P08,25.255,4947
20230904_51,M071.P01,2.818,27824
20230904_51,V069.P04,4.357,33881
20230904_51,M057.P08,4.73,73566
20230904_51,M069.P05,4.8,25663
20230904_51,M057.P10,5.45,224688
20230904_51,N093.P02,9.131,95892
20230904_51,Q081.P01,9.451,2671
20230904_51,R085.P01,12.797,2072
20230904_51,S133.P01,16.153,109092
20230904_51,S084.P01,16.189,19174
20230904_51,S150.P01,17.025,23151
20230904_51,S095.P01,18.222,8452
20231212_10,M043.P03,6.197,32810
20231212_10,V056.P03,7.803,4428
20231212_10,M043.P13,8.339,18950
20231212_10,N058.P02,9.114,4009
20231212_10,N108.P01,10.64,6788
20231212_10,Q122.P02,14.035,22420
20231212_10,Q057.P09,14.503,4606
20231212_10,Q108.P04,14.545,24741
20231212_10,R099.P01,16.894,6982
20231212_10,S113.P01,19.823,2334
20231212_10,S150.P01,21.066,31093
20231212_10,T071.P01,27.188,73242
20231212_12,M057.P02,6.443,30378
20231212_12,M056.P02,6.45,13733
20231212_12,M045.P02,6.487,155179
20231212_12,M073.P01.3,8.507,57617
20231212_12,N108.P01,10.468,12542
20231212_12,N094.P04,12.526,228486
20231212_12,N044.P11,12.62,27002
20231212_12,Q081.P01,12.943,21923
20231212_12,Q059.P01,13.51,202815
20231212_12,Q108.P04,14.557,70738
20231212_12,S133.P01,20.168,839508
20231212_12,S105.P04,21.656,11193
20231212_12,S095.P01,21.903,12033
20231212_12,T071.P01,27.202,57347
20231212_12,T057.P13,34.48,4760
20231212_13,M057.P02,6.471,41149
20231212_13,M045.P02,6.473,77580
20231212_13,Q128.P02,12.873,1326
20231212_13,Q108.P04,14.533,21425
20231212_13,R085.P01,16.286,1815
20231212_13,S113.P01,19.869,40722
20231212_13,S150.P01,21.07,44319
20231212_13,T071.P01,27.2,51476
20231212_16,M043.P08,7.197,16908
20231212_16,N058.P02,8.973,5382
20231212_16,N073.P01,9.177,7382
20231212_16,N108.P01,10.441,11189
20231212_16,N070.P03,12.393,3519
20231212_16,N044.P11,12.62,8792
20231212_16,Q122.P02,14.039,37519
20231212_16,R131.P04,17.983,10394
20231212_16,S113.P01,19.847,8516
20231212_16,S150.P01,21.065,13587
20231212_16,S091.P02,22.104,3534
20231212_16,T071.P01,27.198,18727
20231212_16,T055.P04,28.643,2987
20231212_20,M043.P13,8.289,12751
20231212_20,M073.P01.3,8.513,4891
20231212_20,N094.P04,12.487,18038
20231212_20,S113.P01,19.84,21534
20231212_20,S105.P04,21.65,3634
20231212_20,S147.P03,23.243,2595
20231212_20,T071.P01,27.197,69933
20231212_22,M045.P02,6.525,678280
20231212_22,M043.P08,7.193,27306
20231212_22,M045.P06,7.291,90849
20231212_22,Q054.P01,12.759,60295
20231212_22,Q059.P01,13.491,16990
20231212_22,Q122.P02,14.038,28590
20231212_22,Q108.P04,14.554,46561
20231212_22,Q069.P02,14.786,34038
20231212_22,S113.P01,19.815,5810
20231212_22,S150.P01,21.069,43944
20231212_22,S105.P04,21.67,1202
20231212_22,S091.P02,22.21,17353
20231212_22,T071.P01,27.203,72432
20231212_34,M071.P01,5.917,4390
20231212_34,M045.P02,6.462,782243
20231212_34,M043.P03,6.507,7355
20231212_34,M045.P06,7.261,13163
20231212_34,V069.P04,7.675,25354
20231212_34,Q122.P02,14.021,23067
20231212_34,Q108.P04,14.534,34735
20231212_34,R085.P01,16.287,1036
20231212_34,S091.P02,22.2,2031
20231212_34,T071.P01,27.183,23522
20231212_34,T055.P04,28.633,2020
20231212_44,N094.P04,12.391,18190
20231212_44,N044.P11,12.624,21094
20231212_44,Q122.P02,13.989,27419
20231212_44,Q108.P04,14.507,35006
20231212_44,Q069.P02,14.91,5042
20231212_44,S113.P01,19.811,25446
20231212_44,S150.P01,21.028,29457
20231212_44,T071.P01,27.158,61329
20231212_44,T055.P04,28.606,3318
20231212_44,T073.P04,33.444,2568
20240318_10,V069.P04,7.594,26311
20240318_10,N108.P01,10.53,8391
20240318_10,N057.P07,10.863,16970
20240318_10,N057.P06,10.89,8401
20240318_10,W116.P01,11.53,1634
20240318_10,N094.P04,12.424,60084
20240318_10,Q081.P01,12.924,0
20240318_10,Q125.P01,13.313,0
20240318_10,Q059.P01,13.457,7469
20240318_10,Q085.P01,13.662,5442
20240318_10,Q122.P02,13.942,26094
20240318_10,Q108.P04,14.467,37966
20240318_10,R042.P02,18.353,4727
20240318_10,S113.P01,19.758,29134
20240318_10,S150.P01,20.983,24123
20240318_19,M071.P01,5.931,0
20240318_19,V069.P04,7.586,8652
20240318_19,M057.P08,8.167,2108
20240318_19,N108.P01,10.517,6034
20240318_19,N108.P01,10.553,2289
20240318_19,N059.P06,12.451,55963
20240318_19,Q059.P01,13.4,5172
20240318_19,R099.P01,16.917,1415
20240318_19,R042.P02,18.359,2023
20240318_19,S150.P01,20.964,15141
20240318_19,S091.P02,22.098,2088
20240318_19,T071.P01,27.101,19393
20240318_20,M057.P08,8.147,3376
20240318_20,M073.P01.3,8.423,10047
20240318_20,Q122.P02,13.942,13171
20240318_20,Q108.P04,14.456,20233
20240318_20,R085.P01,16.208,4093
20240318_20,R042.P02,18.347,2046
20240318_20,S150.P01,20.969,17647
20240318_20,S114.P02,21.953,0
20240318_20,T057.P13,34.569,0
20240318_22,M045.P06,7.249,26127
20240318_22,V069.P04,7.563,32660
20240318_22,N108.P01,10.557,2819
20240318_22,N057.P07,10.934,15165
20240318_22,N070.P03,12.293,1374
20240318_22,Q081.P01,12.9,0
20240318_22,Q125.P01,13.324,0
20240318_22,Q057.P09,14.394,5263
20240318_22,Q108.P04,14.447,16548
20240318_22,S113.P01,19.749,10456
20240318_22,S105.P04,21.585,4755
20240318_23,M043.P03,6.485,69675
20240318_23,M041.P04,6.504,15910
20240318_23,M045.P07,7.526,236408
20240318_23,V069.P04,7.571,6631
20240318_23,M059.P04.2,7.695,22044
20240318_23,M057.P10,8.685,3632
20240318_23,W059.P01,9.999,8579
20240318_23,N108.P01,10.611,0
20240318_23,N057.P06,10.867,2907
20240318_23,N059.P06,12.54,1379
20240318_23,N093.P02,12.595,6858
20240318_23,Q059.P01,13.423,3107
20240318_23,Q122.P02,13.943,13084
20240318_23,Q108.P04,14.451,16417
20240318_23,R099.P01,16.896,1816
20240318_23,R056.P03,17.414,3741
20240318_23,S131.P01,19.734,1062
20240318_23,S113.P01,19.75,11574
20240318_23,S084.P01,19.877,1621
20240318_23,S105.P04,21.847,16705
20240318_23,T055.P04,28.55,1754
20240318_24,M045.P06,7.255,21906
20240318_24,V069.P04,7.558,9182
20240318_24,M057.P08,8.132,4681
20240318_24,M057.P10,8.675,6584
20240318_24,N058.P02,9.083,8760
20240318_24,N057.P07,10.936,5696
20240318_24,Q125.P01,13.343,1414
20240318_24,Q108.P04,14.453,18984
20240318_24,R099.P01,16.81,0
20240318_24,S113.P01,19.76,15275
20240318_24,S043.P03,20.83,2564
20240318_24,T071.P01,27.102,37345
20240318_24,T055.P04,28.718,0
20240318_30,M059.P04.2,7.671,13825
20240318_30,N058.P02,9.088,35858
20240318_30,N056.P02,9.611,3448
20240318_30,N057.P07,10.79,2393
20240318_30,N059.P06,12.421,68292
20240318_30,Q122.P02,13.88,0
20240318_30,Q108.P04,14.443,21157
20240318_30,R056.P03,17.407,4116
20240318_30,S084.P01,19.871,1050
20240318_30,S099.P01,20.767,16785
20240318_30,S136.P01,20.807,0
20240318_30,S150.P01,20.972,16823
20240318_32,M045.P02,6.42,9974790
20240318_32,M043.P03,6.542,2085898
20240318_32,M055.P05,7.943,45327
20240318_32,N073.P01,9.242,318939
20240318_32,N108.P01,10.477,33127
20240318_32,N059.P06,12.61,240633
20240318_32,Q122.P02,13.946,7837
20240318_32,Q108.P04,14.467,22935
20240318_32,R056.P03,17.441,369992
20240318_32,R131.P04,17.955,152732
20240318_32,S100.P01,19.372,286357
20240318_32,S150.P01,20.967,13910
20240318_33,M043.P03,6.5,20393
20240318_33,M041.P04,6.513,18252
20240318_33,M045.P07,7.653,202450
20240318_33,M073.P01.3,8.341,9592
20240318_33,N056.P02,9.605,1239
20240318_33,N108.P01,10.541,13452
20240318_33,N057.P06,10.933,2127
20240318_33,Q081.P01,12.912,0
20240318_33,Q122.P02,13.944,15505
20240318_33,S113.P01,19.76,18056
20240318_33,S099.P01,20.747,0
20240318_33,S150.P01,20.973,22222
20240318_33,T073.P04,33.45,1741
20240318_40,M069.P05,8.027,0
20240318_40,M057.P08,8.161,1715
20240318_40,N057.P06,10.945,4251
20240318_40,N059.P06,12.527,8946
20240318_40,Q099.P01,13.624,4578
20240318_40,Q108.P04,14.46,23579
20240318_40,R042.P02,18.343,2178
20240318_40,S133.P01,20.063,279476
20240318_40,S105.P04,21.849,7742
20240318_40,S091.P02,22.166,1187
20240318_40,S147.P03,23.1,9424
20240318_43,M043.P03,6.657,15069
20240318_43,N058.P02,9.069,9708
20240318_43,N059.P06,12.517,2567
20240318_43,Q125.P01,13.347,0
20240318_43,Q059.P01,13.388,5757
20240318_43,Q122.P02,13.937,17414
20240318_43,R056.P03,17.411,1683
20240318_43,S100.P01,19.46,0
20240318_43,S043.P03,20.873,3113
20240318_43,S150.P01,20.97,6586
20240318_43,T073.P04,33.457,0
20240318_55,M057.P08,8.17,1684
20240318_55,N057.P06,10.875,4151
20240318_55,N094.P04,12.403,18736
20240318_55,N044.P11,12.498,1379
20240318_55,Q085.P01,13.65,5756
20240318_55,Q108.P04,14.451,27269
20240318_55,Q097.P03,14.801,2983
20240318_55,R085.P01,16.201,6710
20240318_55,R129.P03,17.887,3861
20240318_55,S150.P01,20.971,20415
20240318_55,T073.P04,33.401,0
20240318_61,M057.P03,6.853,7918
20240318_61,M043.P13,8.281,3455
20240318_61,Q085.P01,13.65,5022
20240318_61,Q108.P04,14.454,5836
20240318_61,Q069.P02,14.873,0
20240318_61,R131.P04,17.958,69121
20240318_61,S150.P01,20.982,11442
20240318_61,S128.P01,21.212,12180
20240318_71,M057.P02,6.487,2572
20240318_71,M059.P04.2,7.694,23070
20240318_71,N057.P07,10.778,12947
20240318_71,Q122.P02,13.936,21810
20240318_71,Q108.P04,14.446,20028
20240318_71,R056.P03,17.418,4014
20240318_71,R042.P02,18.352,3708
20240318_71,S113.P01,19.748,11398
20240318_71,S099.P01,20.757,34429
20240318_71,S150.P01,20.962,15739
20240318_71,S114.P02,21.944,1226
20240318_74,M073.P01.3,8.403,12690
20240318_74,N074.P02,10.8,2798
20240318_74,N057.P06,10.903,17732
20240318_74,N044.P11,12.507,8938
20240318_74,Q059.P01,13.45,12964
20240318_74,Q122.P02,13.922,17656
20240318_74,Q108.P04,14.448,22194
20240318_74,R099.P01,16.923,1295
20240318_74,S113.P01,19.753,15052
20240318_74,S133.P01,19.874,1888
20240318_74,S150.P01,20.967,25357
20240318_85,N057.P07,10.816,12651
20240318_85,N057.P06,10.91,4730
20240318_85,N094.P04,12.397,11056
20240318_85,N059.P06,12.451,90084
20240318_85,Q125.P01,13.328,1226
20240318_85,Q085.P01,13.64,3585
20240318_85,Q122.P02,13.927,22437
20240318_85,Q057.P09,14.39,17272
20240318_85,Q108.P04,14.451,34692
20240318_85,R099.P01,16.907,3471
20240318_85,S113.P01,19.733,32277
20240318_85,S150.P01,20.963,34444
20240318_85,S091.P02,22.101,4431
20240318_95,N108.P01,10.443,3073
20240318_95,N108.P01,10.518,4648
20240318_95,N057.P06,10.993,1684
20240318_95,N057.P10,11.881,0
20240318_95,N059.P06,12.573,4603
20240318_95,Q122.P02,13.949,12976
20240318_95,Q069.P02,14.808,1102
20240318_95,S133.P01,20.076,285882
20240318_95,S150.P01,20.983,29200
20240318_95,T055.P04,28.567,0
20240318_95,T091.P08,29.193,1323
20241007_10,M045.P07,7.587,58410
20241007_10,V056.P03,7.767,14825
20241007_10,N108.P01,10.552,119807
20241007_10,N057.P07,10.817,22709
20241007_10,N093.P02,12.466,0
20241007_10,Q108.P04,14.49,22905
20241007_10,Q097.P03,14.827,0
20241007_10,R085.P01,16.238,3273
20241007_10,S113.P01,19.788,14739
20241007_10,S084.P01,19.917,0
20241007_16,M044.P03,6.682,8739
20241007_16,V069.P04,7.595,215654
20241007_16,M109.P01,8.646,7201
20241007_16,N057.P07,10.863,3817
20241007_16,N044.P11,12.573,1371
20241007_16,Q108.P04,14.495,17980
20241007_16,R085.P01,16.171,1738
20241007_16,R056.P03,17.471,3065
20241007_16,R131.P04,18.004,130184
20241007_16,S113.P01,19.807,6991
20241007_16,S105.P04,21.702,5700
20241007_20,V069.P04,7.622,233414
20241007_20,V056.P03,7.793,6499
20241007_20,W059.P01,10.096,2827
20241007_20,N057.P07,10.841,6119
20241007_20,N094.P04,12.407,55479
20241007_20,N044.P11,12.497,3522
20241007_20,Q059.P01,13.438,4685
20241007_20,Q108.P04,14.501,20624
20241007_20,R131.P04,18.01,162700
20241007_20,S113.P01,19.806,2086
20241007_20,S043.P03,20.923,16571
20241007_20,S105.P04,21.673,4050
20241007_26,M045.P02,6.421,1025235
20241007_26,M045.P06,7.184,44850
20241007_26,V069.P04,7.596,45460
20241007_26,N057.P06,10.989,42678
20241007_26,N057.P10,11.887,2055
20241007_26,N070.P03,12.342,3669
20241007_26,Q099.P01,13.65,8886
20241007_26,Q057.P09,14.342,12071
20241007_26,Q108.P04,14.503,33189
20241007_26,Q069.P02,14.856,1561
20241007_26,Q097.P03,14.866,4407
20241007_26,S091.P02,22.154,4124
20241007_35,V069.P04,7.594,10793
20241007_35,N058.P02,9.104,49166
20241007_35,Q059.P01,13.428,6494
20241007_35,Q057.P09,14.455,4125
20241007_35,Q108.P04,14.5,11119
20241007_35,R131.P04,18.022,19777
20241007_35,S072.P01,20.531,5020
20241007_43,M041.P04,6.573,22974
20241007_43,N057.P06,10.918,20218
20241007_43,N057.P07,10.96,5348
20241007_43,N093.P02,12.51,0
20241007_43,N044.P11,12.532,30460
20241007_43,Q099.P01,13.654,3767
20241007_43,Q108.P04,14.515,15854
20241007_43,S113.P01,19.823,7783
20241007_43,S095.P01,21.95,0
20241007_43,S147.P03,23.153,133289
20241007_46,M045.P02,6.552,51727
20241007_46,Q059.P01,13.466,7404
20241007_46,Q085.P01,13.732,3195
20241007_46,Q108.P04,14.525,18486
20241007_46,R056.P03,17.493,2205
20241007_63,M045.P02,6.426,20859
20241007_63,M057.P03,6.87,3909
20241007_63,V069.P04,7.617,13577
20241007_63,M059.P04.2,7.689,4362
20241007_63,N058.P02,9.122,21137
20241007_63,W059.P01,10.043,5092
20241007_63,N108.P01,10.403,4110
20241007_63,N044.P11,12.51,3034
20241007_63,Q122.P02,14.011,3735
20241007_63,Q108.P04,14.526,8464
20241007_63,S113.P01,19.825,3005
20241007_63,S150.P01,21.043,0
20241007_63,S105.P04,21.649,0
20241007_63,S091.P02,22.157,3974
20241007_63,T071.P01,27.173,15076
20241007_68,M045.P06,7.271,53482
20241007_68,V069.P04,7.599,6836
20241007_68,M069.P05,8.133,2351
20241007_68,M109.P01,8.659,3260
20241007_68,N058.P02,9.112,27218
20241007_68,N108.P01,10.569,60314
20241007_68,N044.P11,12.444,24156
20241007_68,Q108.P04,14.522,10971
20241007_68,Q105.P04,14.624,226367
20241007_68,R085.P01,16.258,1463
20241007_68,R099.P01,16.893,2073
20241007_68,S113.P01,19.815,2671
20241007_68,S150.P01,21.039,0
20241014_15,N057.P07,10.911,165350
20241014_15,N057.P10,12.07,13719
20241014_15,S072.P01,20.537,1740
20241014_21,V069.P04,7.529,23739
20241014_21,N108.P01,10.487,140919
20241014_21,N057.P07,10.9,159762
20241014_21,N057.P10,12.069,28535
20241014_21,Q108.P04,14.432,57061
20241014_21,S100.P01,19.443,5099
20241014_21,S043.P03,20.784,39371
20241014_21,S150.P01,20.927,1311
20241014_27,V069.P04,7.554,71686
20241014_27,N057.P07,10.843,12486
20241014_27,N070.P03,12.296,3353
20241014_27,Q113.P02,14.421,51474
20241014_27,Q108.P04,14.43,41425
20241014_27,R099.P01,16.923,14019
20241014_27,S114.P02,21.917,3470
